#
# TABLE STRUCTURE FOR: service_user
#

INSERT INTO `service_user` (`id`, `user_name`, `user_lastname`, `telephone_number`, `email`) VALUES (1, 'pfannerstill.lincoln', 'sunt', 2147483647, 'leonard11@example.net');
INSERT INTO `service_user` (`id`, `user_name`, `user_lastname`, `telephone_number`, `email`) VALUES (2, 'krajcik.arianna', 'sit', 154244, 'kyle02@example.net');
INSERT INTO `service_user` (`id`, `user_name`, `user_lastname`, `telephone_number`, `email`) VALUES (3, 'vdonnelly', 'rem', 26, 'otilia78@example.org');
INSERT INTO `service_user` (`id`, `user_name`, `user_lastname`, `telephone_number`, `email`) VALUES (4, 'schinner.camille', 'veritatis', 912569, 'keyshawn25@example.org');
INSERT INTO `service_user` (`id`, `user_name`, `user_lastname`, `telephone_number`, `email`) VALUES (5, 'cwillms', 'doloremque', 1, 'raphaelle39@example.net');
INSERT INTO `service_user` (`id`, `user_name`, `user_lastname`, `telephone_number`, `email`) VALUES (6, 'maeve.schumm', 'iure', 578684, 'ricky67@example.net');
INSERT INTO `service_user` (`id`, `user_name`, `user_lastname`, `telephone_number`, `email`) VALUES (7, 'shyann.emmerich', 'ut', 49, 'chelsea.jaskolski@example.net');
INSERT INTO `service_user` (`id`, `user_name`, `user_lastname`, `telephone_number`, `email`) VALUES (8, 'vnienow', 'voluptatem', 380698, 'coy.smitham@example.net');
INSERT INTO `service_user` (`id`, `user_name`, `user_lastname`, `telephone_number`, `email`) VALUES (9, 'barbara31', 'facilis', 68, 'kziemann@example.com');
INSERT INTO `service_user` (`id`, `user_name`, `user_lastname`, `telephone_number`, `email`) VALUES (10, 'corrine.runte', 'qui', 768, 'kieran.hilpert@example.org');
INSERT INTO `service_user` (`id`, `user_name`, `user_lastname`, `telephone_number`, `email`) VALUES (11, 'chesley.sipes', 'in', 730, 'rthiel@example.net');
INSERT INTO `service_user` (`id`, `user_name`, `user_lastname`, `telephone_number`, `email`) VALUES (12, 'kjast', 'voluptatem', 1, 'rhianna.mitchell@example.net');
INSERT INTO `service_user` (`id`, `user_name`, `user_lastname`, `telephone_number`, `email`) VALUES (13, 'labadie.anibal', 'adipisci', 956021, 'moriah.gerhold@example.com');
INSERT INTO `service_user` (`id`, `user_name`, `user_lastname`, `telephone_number`, `email`) VALUES (14, 'raven.bartoletti', 'aliquam', 524, 'abshire.rubye@example.net');
INSERT INTO `service_user` (`id`, `user_name`, `user_lastname`, `telephone_number`, `email`) VALUES (15, 'rau.everette', 'sed', 57, 'hermina.lemke@example.com');
INSERT INTO `service_user` (`id`, `user_name`, `user_lastname`, `telephone_number`, `email`) VALUES (16, 'runolfsdottir.jaron', 'eligendi', 81488, 'fred67@example.net');
INSERT INTO `service_user` (`id`, `user_name`, `user_lastname`, `telephone_number`, `email`) VALUES (17, 'dianna.treutel', 'velit', 668447, 'molly.von@example.com');
INSERT INTO `service_user` (`id`, `user_name`, `user_lastname`, `telephone_number`, `email`) VALUES (18, 'pmante', 'consequuntur', 329041, 'rafael37@example.com');
INSERT INTO `service_user` (`id`, `user_name`, `user_lastname`, `telephone_number`, `email`) VALUES (19, 'droberts', 'eum', 1, 'jakubowski.gordon@example.com');
INSERT INTO `service_user` (`id`, `user_name`, `user_lastname`, `telephone_number`, `email`) VALUES (20, 'kaelyn27', 'qui', 0, 'elisabeth.mcglynn@example.org');
INSERT INTO `service_user` (`id`, `user_name`, `user_lastname`, `telephone_number`, `email`) VALUES (21, 'elockman', 'eum', 754070, 'jakob87@example.com');
INSERT INTO `service_user` (`id`, `user_name`, `user_lastname`, `telephone_number`, `email`) VALUES (22, 'wschmitt', 'cupiditate', 1, 'erick95@example.org');
INSERT INTO `service_user` (`id`, `user_name`, `user_lastname`, `telephone_number`, `email`) VALUES (23, 'mya.torp', 'inventore', 0, 'naomie.legros@example.com');
INSERT INTO `service_user` (`id`, `user_name`, `user_lastname`, `telephone_number`, `email`) VALUES (24, 'greenfelder.kariane', 'atque', 79, 'gulgowski.phyllis@example.net');
INSERT INTO `service_user` (`id`, `user_name`, `user_lastname`, `telephone_number`, `email`) VALUES (25, 'timmothy47', 'facilis', 2147483647, 'bbradtke@example.com');
INSERT INTO `service_user` (`id`, `user_name`, `user_lastname`, `telephone_number`, `email`) VALUES (26, 'pietro54', 'deleniti', 14, 'waters.jarod@example.org');
INSERT INTO `service_user` (`id`, `user_name`, `user_lastname`, `telephone_number`, `email`) VALUES (27, 'carlee.d\'amore', 'qui', 0, 'gerhold.calista@example.com');
INSERT INTO `service_user` (`id`, `user_name`, `user_lastname`, `telephone_number`, `email`) VALUES (28, 'ena.fadel', 'repudiandae', 786, 'gulgowski.erling@example.org');
INSERT INTO `service_user` (`id`, `user_name`, `user_lastname`, `telephone_number`, `email`) VALUES (29, 'corbin.schulist', 'saepe', 1, 'dallas09@example.org');
INSERT INTO `service_user` (`id`, `user_name`, `user_lastname`, `telephone_number`, `email`) VALUES (30, 'bauch.isac', 'alias', 0, 'modesta.kub@example.net');
INSERT INTO `service_user` (`id`, `user_name`, `user_lastname`, `telephone_number`, `email`) VALUES (31, 'imani23', 'cumque', 0, 'willms.velda@example.net');
INSERT INTO `service_user` (`id`, `user_name`, `user_lastname`, `telephone_number`, `email`) VALUES (32, 'dawn.keebler', 'nesciunt', 2147483647, 'robyn.murphy@example.net');
INSERT INTO `service_user` (`id`, `user_name`, `user_lastname`, `telephone_number`, `email`) VALUES (33, 'olson.emilie', 'suscipit', 51, 'pedro57@example.com');
INSERT INTO `service_user` (`id`, `user_name`, `user_lastname`, `telephone_number`, `email`) VALUES (34, 'tyshawn.bergstrom', 'ut', 0, 'francis86@example.com');
INSERT INTO `service_user` (`id`, `user_name`, `user_lastname`, `telephone_number`, `email`) VALUES (35, 'guadalupe.kuphal', 'corrupti', 2147483647, 'miles86@example.net');
INSERT INTO `service_user` (`id`, `user_name`, `user_lastname`, `telephone_number`, `email`) VALUES (36, 'juston.willms', 'quaerat', 109900, 'clemens32@example.org');
INSERT INTO `service_user` (`id`, `user_name`, `user_lastname`, `telephone_number`, `email`) VALUES (37, 'yazmin79', 'labore', 0, 'tanderson@example.net');
INSERT INTO `service_user` (`id`, `user_name`, `user_lastname`, `telephone_number`, `email`) VALUES (38, 'arohan', 'exercitationem', 498708, 'santa66@example.org');
INSERT INTO `service_user` (`id`, `user_name`, `user_lastname`, `telephone_number`, `email`) VALUES (39, 'evelyn90', 'pariatur', 208, 'tiara.welch@example.net');
INSERT INTO `service_user` (`id`, `user_name`, `user_lastname`, `telephone_number`, `email`) VALUES (40, 'moriah.moen', 'ipsam', 1, 'qbeatty@example.org');
INSERT INTO `service_user` (`id`, `user_name`, `user_lastname`, `telephone_number`, `email`) VALUES (41, 'kautzer.mckayla', 'eaque', 0, 'beahan.kailyn@example.net');
INSERT INTO `service_user` (`id`, `user_name`, `user_lastname`, `telephone_number`, `email`) VALUES (42, 'boris96', 'voluptatum', 410456, 'lbergstrom@example.org');
INSERT INTO `service_user` (`id`, `user_name`, `user_lastname`, `telephone_number`, `email`) VALUES (43, 'fwest', 'maxime', 496, 'julianne.jaskolski@example.org');
INSERT INTO `service_user` (`id`, `user_name`, `user_lastname`, `telephone_number`, `email`) VALUES (44, 'mkutch', 'quo', 0, 'ebuckridge@example.net');
INSERT INTO `service_user` (`id`, `user_name`, `user_lastname`, `telephone_number`, `email`) VALUES (45, 'gcollins', 'quos', 2147483647, 'littel.mitchell@example.net');
INSERT INTO `service_user` (`id`, `user_name`, `user_lastname`, `telephone_number`, `email`) VALUES (46, 'rosalee59', 'dolorum', 1, 'irving.vandervort@example.net');
INSERT INTO `service_user` (`id`, `user_name`, `user_lastname`, `telephone_number`, `email`) VALUES (47, 'brown.jaycee', 'libero', 18, 'dankunding@example.org');
INSERT INTO `service_user` (`id`, `user_name`, `user_lastname`, `telephone_number`, `email`) VALUES (48, 'orohan', 'optio', 459275, 'awill@example.com');
INSERT INTO `service_user` (`id`, `user_name`, `user_lastname`, `telephone_number`, `email`) VALUES (49, 'sarah42', 'veniam', 0, 'christiana45@example.com');
INSERT INTO `service_user` (`id`, `user_name`, `user_lastname`, `telephone_number`, `email`) VALUES (50, 'pouros.sarina', 'dolore', 1, 'cleta.harber@example.com');
INSERT INTO `service_user` (`id`, `user_name`, `user_lastname`, `telephone_number`, `email`) VALUES (51, 'malachi.schmeler', 'voluptas', 840628600, 'cristal78@example.net');
INSERT INTO `service_user` (`id`, `user_name`, `user_lastname`, `telephone_number`, `email`) VALUES (52, 'mann.jacques', 'non', 0, 'niko.berge@example.org');
INSERT INTO `service_user` (`id`, `user_name`, `user_lastname`, `telephone_number`, `email`) VALUES (53, 'eleonore86', 'nihil', 5, 'gboyer@example.com');
INSERT INTO `service_user` (`id`, `user_name`, `user_lastname`, `telephone_number`, `email`) VALUES (54, 'hailey.zboncak', 'autem', 1, 'go\'keefe@example.com');
INSERT INTO `service_user` (`id`, `user_name`, `user_lastname`, `telephone_number`, `email`) VALUES (55, 'christian.lemke', 'natus', 0, 'burdette.corkery@example.net');
INSERT INTO `service_user` (`id`, `user_name`, `user_lastname`, `telephone_number`, `email`) VALUES (56, 'mallie35', 'qui', 0, 'wilderman.name@example.org');
INSERT INTO `service_user` (`id`, `user_name`, `user_lastname`, `telephone_number`, `email`) VALUES (57, 'urath', 'eos', 670, 'bartell.kelvin@example.org');
INSERT INTO `service_user` (`id`, `user_name`, `user_lastname`, `telephone_number`, `email`) VALUES (58, 'kyle67', 'temporibus', 406, 'norbert.dubuque@example.org');
INSERT INTO `service_user` (`id`, `user_name`, `user_lastname`, `telephone_number`, `email`) VALUES (59, 'terry48', 'possimus', 148, 'gibson.danika@example.net');
INSERT INTO `service_user` (`id`, `user_name`, `user_lastname`, `telephone_number`, `email`) VALUES (60, 'znienow', 'pariatur', 1, 'mkshlerin@example.com');
INSERT INTO `service_user` (`id`, `user_name`, `user_lastname`, `telephone_number`, `email`) VALUES (61, 'fgrant', 'ab', 1, 'qcrona@example.org');
INSERT INTO `service_user` (`id`, `user_name`, `user_lastname`, `telephone_number`, `email`) VALUES (62, 'justus.west', 'esse', 202, 'daniel.taryn@example.org');
INSERT INTO `service_user` (`id`, `user_name`, `user_lastname`, `telephone_number`, `email`) VALUES (63, 'hkuphal', 'voluptatem', 330, 'sarah98@example.org');
INSERT INTO `service_user` (`id`, `user_name`, `user_lastname`, `telephone_number`, `email`) VALUES (64, 'heather.stokes', 'cumque', 805535, 'kelli.ankunding@example.com');
INSERT INTO `service_user` (`id`, `user_name`, `user_lastname`, `telephone_number`, `email`) VALUES (65, 'elian56', 'alias', 0, 'flavio.raynor@example.com');
INSERT INTO `service_user` (`id`, `user_name`, `user_lastname`, `telephone_number`, `email`) VALUES (66, 'brandt.o\'reilly', 'placeat', 0, 'modesto.kreiger@example.org');
INSERT INTO `service_user` (`id`, `user_name`, `user_lastname`, `telephone_number`, `email`) VALUES (67, 'roslyn.bode', 'molestiae', 1, 'erin.abernathy@example.org');
INSERT INTO `service_user` (`id`, `user_name`, `user_lastname`, `telephone_number`, `email`) VALUES (68, 'sarina07', 'quo', 83, 'lee.tillman@example.com');
INSERT INTO `service_user` (`id`, `user_name`, `user_lastname`, `telephone_number`, `email`) VALUES (69, 'jennie.quigley', 'fugit', 1, 'bosco.christina@example.net');
INSERT INTO `service_user` (`id`, `user_name`, `user_lastname`, `telephone_number`, `email`) VALUES (70, 'gward', 'animi', 188, 'west.janick@example.net');
INSERT INTO `service_user` (`id`, `user_name`, `user_lastname`, `telephone_number`, `email`) VALUES (71, 'crystal58', 'reiciendis', 369682, 'kutch.anthony@example.org');
INSERT INTO `service_user` (`id`, `user_name`, `user_lastname`, `telephone_number`, `email`) VALUES (72, 'deven.o\'reilly', 'cumque', 72, 'gay.hamill@example.com');
INSERT INTO `service_user` (`id`, `user_name`, `user_lastname`, `telephone_number`, `email`) VALUES (73, 'daugherty.akeem', 'est', 0, 'mueller.jayne@example.com');
INSERT INTO `service_user` (`id`, `user_name`, `user_lastname`, `telephone_number`, `email`) VALUES (74, 'hrobel', 'veritatis', 697964, 'daugherty.susana@example.net');
INSERT INTO `service_user` (`id`, `user_name`, `user_lastname`, `telephone_number`, `email`) VALUES (75, 'vfunk', 'totam', 0, 'jayden16@example.org');
INSERT INTO `service_user` (`id`, `user_name`, `user_lastname`, `telephone_number`, `email`) VALUES (76, 'lilliana89', 'officiis', 973, 'reinger.danial@example.net');
INSERT INTO `service_user` (`id`, `user_name`, `user_lastname`, `telephone_number`, `email`) VALUES (77, 'mueller.laverne', 'et', 1, 'solon36@example.org');
INSERT INTO `service_user` (`id`, `user_name`, `user_lastname`, `telephone_number`, `email`) VALUES (78, 'yazmin.kiehn', 'laboriosam', 1, 'rgreenfelder@example.com');
INSERT INTO `service_user` (`id`, `user_name`, `user_lastname`, `telephone_number`, `email`) VALUES (79, 'myrna05', 'ut', 73118385, 'vgusikowski@example.net');
INSERT INTO `service_user` (`id`, `user_name`, `user_lastname`, `telephone_number`, `email`) VALUES (80, 'amina.king', 'quidem', 750350, 'ahaag@example.net');
INSERT INTO `service_user` (`id`, `user_name`, `user_lastname`, `telephone_number`, `email`) VALUES (81, 'effertz.edd', 'reiciendis', 905, 'ekilback@example.org');
INSERT INTO `service_user` (`id`, `user_name`, `user_lastname`, `telephone_number`, `email`) VALUES (82, 'o\'reilly.bertrand', 'deserunt', 0, 'alan27@example.com');
INSERT INTO `service_user` (`id`, `user_name`, `user_lastname`, `telephone_number`, `email`) VALUES (83, 'ccartwright', 'amet', 61, 'feeney.miguel@example.net');
INSERT INTO `service_user` (`id`, `user_name`, `user_lastname`, `telephone_number`, `email`) VALUES (84, 'ubeier', 'a', 87, 'volkman.toni@example.org');
INSERT INTO `service_user` (`id`, `user_name`, `user_lastname`, `telephone_number`, `email`) VALUES (85, 'verlie91', 'sunt', 1, 'pacocha.raquel@example.com');
INSERT INTO `service_user` (`id`, `user_name`, `user_lastname`, `telephone_number`, `email`) VALUES (86, 'curt61', 'aut', 0, 'tod.pollich@example.net');
INSERT INTO `service_user` (`id`, `user_name`, `user_lastname`, `telephone_number`, `email`) VALUES (87, 'greenfelder.easter', 'debitis', 1340182174, 'brakus.hayden@example.net');
INSERT INTO `service_user` (`id`, `user_name`, `user_lastname`, `telephone_number`, `email`) VALUES (88, 'qbailey', 'corrupti', 0, 'modesto30@example.net');
INSERT INTO `service_user` (`id`, `user_name`, `user_lastname`, `telephone_number`, `email`) VALUES (89, 'reta.bogisich', 'sunt', 0, 'fleta97@example.net');
INSERT INTO `service_user` (`id`, `user_name`, `user_lastname`, `telephone_number`, `email`) VALUES (90, 'xschroeder', 'et', 0, 'triston.stiedemann@example.com');
INSERT INTO `service_user` (`id`, `user_name`, `user_lastname`, `telephone_number`, `email`) VALUES (91, 'hhettinger', 'qui', 1, 'leora97@example.com');
INSERT INTO `service_user` (`id`, `user_name`, `user_lastname`, `telephone_number`, `email`) VALUES (92, 'adela.wisozk', 'libero', 19, 'qhessel@example.net');
INSERT INTO `service_user` (`id`, `user_name`, `user_lastname`, `telephone_number`, `email`) VALUES (93, 'gussie.daniel', 'qui', 885629, 'ufay@example.net');
INSERT INTO `service_user` (`id`, `user_name`, `user_lastname`, `telephone_number`, `email`) VALUES (94, 'hand.vita', 'aliquam', 152706, 'konopelski.alessandra@example.net');
INSERT INTO `service_user` (`id`, `user_name`, `user_lastname`, `telephone_number`, `email`) VALUES (95, 'jon.gottlieb', 'reprehenderit', 1, 'vena99@example.com');
INSERT INTO `service_user` (`id`, `user_name`, `user_lastname`, `telephone_number`, `email`) VALUES (96, 'stone05', 'veritatis', 959722, 'qcollins@example.org');
INSERT INTO `service_user` (`id`, `user_name`, `user_lastname`, `telephone_number`, `email`) VALUES (97, 'zwilliamson', 'rerum', 2147483647, 'walker.darlene@example.com');
INSERT INTO `service_user` (`id`, `user_name`, `user_lastname`, `telephone_number`, `email`) VALUES (98, 'irempel', 'ea', 1, 'jose.bogisich@example.org');
INSERT INTO `service_user` (`id`, `user_name`, `user_lastname`, `telephone_number`, `email`) VALUES (99, 'tromp.dejah', 'reprehenderit', 0, 'von.howell@example.net');
INSERT INTO `service_user` (`id`, `user_name`, `user_lastname`, `telephone_number`, `email`) VALUES (100, 'rico.rau', 'eius', 0, 'jeanie.reichert@example.net');


#
# TABLE STRUCTURE FOR: document
#

INSERT INTO `document` (`id`, `name`) VALUES (3, 'aut');
INSERT INTO `document` (`id`, `name`) VALUES (4, 'esse');
INSERT INTO `document` (`id`, `name`) VALUES (5, 'accusamus');
INSERT INTO `document` (`id`, `name`) VALUES (7, 'dolores');
INSERT INTO `document` (`id`, `name`) VALUES (8, 'odit');


#
# TABLE STRUCTURE FOR: user_document
#

INSERT INTO `user_document` (`document_id`, `user_id`) VALUES (3, 1);
INSERT INTO `user_document` (`document_id`, `user_id`) VALUES (4, 2);
INSERT INTO `user_document` (`document_id`, `user_id`) VALUES (5, 3);
INSERT INTO `user_document` (`document_id`, `user_id`) VALUES (7, 4);
INSERT INTO `user_document` (`document_id`, `user_id`) VALUES (8, 5);
INSERT INTO `user_document` (`document_id`, `user_id`) VALUES (3, 6);
INSERT INTO `user_document` (`document_id`, `user_id`) VALUES (4, 7);
INSERT INTO `user_document` (`document_id`, `user_id`) VALUES (5, 8);
INSERT INTO `user_document` (`document_id`, `user_id`) VALUES (7, 9);
INSERT INTO `user_document` (`document_id`, `user_id`) VALUES (8, 10);
INSERT INTO `user_document` (`document_id`, `user_id`) VALUES (3, 11);
INSERT INTO `user_document` (`document_id`, `user_id`) VALUES (4, 12);
INSERT INTO `user_document` (`document_id`, `user_id`) VALUES (5, 13);
INSERT INTO `user_document` (`document_id`, `user_id`) VALUES (7, 14);
INSERT INTO `user_document` (`document_id`, `user_id`) VALUES (8, 15);
INSERT INTO `user_document` (`document_id`, `user_id`) VALUES (3, 16);
INSERT INTO `user_document` (`document_id`, `user_id`) VALUES (4, 17);
INSERT INTO `user_document` (`document_id`, `user_id`) VALUES (5, 18);
INSERT INTO `user_document` (`document_id`, `user_id`) VALUES (7, 19);
INSERT INTO `user_document` (`document_id`, `user_id`) VALUES (8, 20);
INSERT INTO `user_document` (`document_id`, `user_id`) VALUES (3, 21);
INSERT INTO `user_document` (`document_id`, `user_id`) VALUES (4, 22);
INSERT INTO `user_document` (`document_id`, `user_id`) VALUES (5, 23);
INSERT INTO `user_document` (`document_id`, `user_id`) VALUES (7, 24);
INSERT INTO `user_document` (`document_id`, `user_id`) VALUES (8, 25);
INSERT INTO `user_document` (`document_id`, `user_id`) VALUES (3, 26);
INSERT INTO `user_document` (`document_id`, `user_id`) VALUES (4, 27);
INSERT INTO `user_document` (`document_id`, `user_id`) VALUES (5, 28);
INSERT INTO `user_document` (`document_id`, `user_id`) VALUES (7, 29);
INSERT INTO `user_document` (`document_id`, `user_id`) VALUES (8, 30);
INSERT INTO `user_document` (`document_id`, `user_id`) VALUES (3, 31);
INSERT INTO `user_document` (`document_id`, `user_id`) VALUES (4, 32);
INSERT INTO `user_document` (`document_id`, `user_id`) VALUES (5, 33);
INSERT INTO `user_document` (`document_id`, `user_id`) VALUES (7, 34);
INSERT INTO `user_document` (`document_id`, `user_id`) VALUES (8, 35);
INSERT INTO `user_document` (`document_id`, `user_id`) VALUES (3, 36);
INSERT INTO `user_document` (`document_id`, `user_id`) VALUES (4, 37);
INSERT INTO `user_document` (`document_id`, `user_id`) VALUES (5, 38);
INSERT INTO `user_document` (`document_id`, `user_id`) VALUES (7, 39);
INSERT INTO `user_document` (`document_id`, `user_id`) VALUES (8, 40);
INSERT INTO `user_document` (`document_id`, `user_id`) VALUES (3, 41);
INSERT INTO `user_document` (`document_id`, `user_id`) VALUES (4, 42);
INSERT INTO `user_document` (`document_id`, `user_id`) VALUES (5, 43);
INSERT INTO `user_document` (`document_id`, `user_id`) VALUES (7, 44);
INSERT INTO `user_document` (`document_id`, `user_id`) VALUES (8, 45);
INSERT INTO `user_document` (`document_id`, `user_id`) VALUES (3, 46);
INSERT INTO `user_document` (`document_id`, `user_id`) VALUES (4, 47);
INSERT INTO `user_document` (`document_id`, `user_id`) VALUES (5, 48);
INSERT INTO `user_document` (`document_id`, `user_id`) VALUES (7, 49);
INSERT INTO `user_document` (`document_id`, `user_id`) VALUES (8, 50);
INSERT INTO `user_document` (`document_id`, `user_id`) VALUES (3, 51);
INSERT INTO `user_document` (`document_id`, `user_id`) VALUES (4, 52);
INSERT INTO `user_document` (`document_id`, `user_id`) VALUES (5, 53);
INSERT INTO `user_document` (`document_id`, `user_id`) VALUES (7, 54);
INSERT INTO `user_document` (`document_id`, `user_id`) VALUES (8, 55);
INSERT INTO `user_document` (`document_id`, `user_id`) VALUES (3, 56);
INSERT INTO `user_document` (`document_id`, `user_id`) VALUES (4, 57);
INSERT INTO `user_document` (`document_id`, `user_id`) VALUES (5, 58);
INSERT INTO `user_document` (`document_id`, `user_id`) VALUES (7, 59);
INSERT INTO `user_document` (`document_id`, `user_id`) VALUES (8, 60);
INSERT INTO `user_document` (`document_id`, `user_id`) VALUES (3, 61);
INSERT INTO `user_document` (`document_id`, `user_id`) VALUES (4, 62);
INSERT INTO `user_document` (`document_id`, `user_id`) VALUES (5, 63);
INSERT INTO `user_document` (`document_id`, `user_id`) VALUES (7, 64);
INSERT INTO `user_document` (`document_id`, `user_id`) VALUES (8, 65);
INSERT INTO `user_document` (`document_id`, `user_id`) VALUES (3, 66);
INSERT INTO `user_document` (`document_id`, `user_id`) VALUES (4, 67);
INSERT INTO `user_document` (`document_id`, `user_id`) VALUES (5, 68);
INSERT INTO `user_document` (`document_id`, `user_id`) VALUES (7, 69);
INSERT INTO `user_document` (`document_id`, `user_id`) VALUES (8, 70);
INSERT INTO `user_document` (`document_id`, `user_id`) VALUES (3, 71);
INSERT INTO `user_document` (`document_id`, `user_id`) VALUES (4, 72);
INSERT INTO `user_document` (`document_id`, `user_id`) VALUES (5, 73);
INSERT INTO `user_document` (`document_id`, `user_id`) VALUES (7, 74);
INSERT INTO `user_document` (`document_id`, `user_id`) VALUES (8, 75);
INSERT INTO `user_document` (`document_id`, `user_id`) VALUES (3, 76);
INSERT INTO `user_document` (`document_id`, `user_id`) VALUES (4, 77);
INSERT INTO `user_document` (`document_id`, `user_id`) VALUES (5, 78);
INSERT INTO `user_document` (`document_id`, `user_id`) VALUES (7, 79);
INSERT INTO `user_document` (`document_id`, `user_id`) VALUES (8, 80);
INSERT INTO `user_document` (`document_id`, `user_id`) VALUES (3, 81);
INSERT INTO `user_document` (`document_id`, `user_id`) VALUES (4, 82);
INSERT INTO `user_document` (`document_id`, `user_id`) VALUES (5, 83);
INSERT INTO `user_document` (`document_id`, `user_id`) VALUES (7, 84);
INSERT INTO `user_document` (`document_id`, `user_id`) VALUES (8, 85);
INSERT INTO `user_document` (`document_id`, `user_id`) VALUES (3, 86);
INSERT INTO `user_document` (`document_id`, `user_id`) VALUES (4, 87);
INSERT INTO `user_document` (`document_id`, `user_id`) VALUES (5, 88);
INSERT INTO `user_document` (`document_id`, `user_id`) VALUES (7, 89);
INSERT INTO `user_document` (`document_id`, `user_id`) VALUES (8, 90);
INSERT INTO `user_document` (`document_id`, `user_id`) VALUES (3, 91);
INSERT INTO `user_document` (`document_id`, `user_id`) VALUES (4, 92);
INSERT INTO `user_document` (`document_id`, `user_id`) VALUES (5, 93);
INSERT INTO `user_document` (`document_id`, `user_id`) VALUES (7, 94);
INSERT INTO `user_document` (`document_id`, `user_id`) VALUES (8, 95);
INSERT INTO `user_document` (`document_id`, `user_id`) VALUES (3, 96);
INSERT INTO `user_document` (`document_id`, `user_id`) VALUES (4, 97);
INSERT INTO `user_document` (`document_id`, `user_id`) VALUES (5, 98);
INSERT INTO `user_document` (`document_id`, `user_id`) VALUES (7, 99);
INSERT INTO `user_document` (`document_id`, `user_id`) VALUES (8, 100);
INSERT INTO `user_document` (`document_id`, `user_id`) VALUES (3, 1);
INSERT INTO `user_document` (`document_id`, `user_id`) VALUES (4, 2);
INSERT INTO `user_document` (`document_id`, `user_id`) VALUES (5, 3);
INSERT INTO `user_document` (`document_id`, `user_id`) VALUES (7, 4);
INSERT INTO `user_document` (`document_id`, `user_id`) VALUES (8, 5);
INSERT INTO `user_document` (`document_id`, `user_id`) VALUES (3, 6);
INSERT INTO `user_document` (`document_id`, `user_id`) VALUES (4, 7);
INSERT INTO `user_document` (`document_id`, `user_id`) VALUES (5, 8);
INSERT INTO `user_document` (`document_id`, `user_id`) VALUES (7, 9);
INSERT INTO `user_document` (`document_id`, `user_id`) VALUES (8, 10);
INSERT INTO `user_document` (`document_id`, `user_id`) VALUES (3, 11);
INSERT INTO `user_document` (`document_id`, `user_id`) VALUES (4, 12);
INSERT INTO `user_document` (`document_id`, `user_id`) VALUES (5, 13);
INSERT INTO `user_document` (`document_id`, `user_id`) VALUES (7, 14);
INSERT INTO `user_document` (`document_id`, `user_id`) VALUES (8, 15);
INSERT INTO `user_document` (`document_id`, `user_id`) VALUES (3, 16);
INSERT INTO `user_document` (`document_id`, `user_id`) VALUES (4, 17);
INSERT INTO `user_document` (`document_id`, `user_id`) VALUES (5, 18);
INSERT INTO `user_document` (`document_id`, `user_id`) VALUES (7, 19);
INSERT INTO `user_document` (`document_id`, `user_id`) VALUES (8, 20);
INSERT INTO `user_document` (`document_id`, `user_id`) VALUES (3, 21);
INSERT INTO `user_document` (`document_id`, `user_id`) VALUES (4, 22);
INSERT INTO `user_document` (`document_id`, `user_id`) VALUES (5, 23);
INSERT INTO `user_document` (`document_id`, `user_id`) VALUES (7, 24);
INSERT INTO `user_document` (`document_id`, `user_id`) VALUES (8, 25);
INSERT INTO `user_document` (`document_id`, `user_id`) VALUES (3, 26);
INSERT INTO `user_document` (`document_id`, `user_id`) VALUES (4, 27);
INSERT INTO `user_document` (`document_id`, `user_id`) VALUES (5, 28);
INSERT INTO `user_document` (`document_id`, `user_id`) VALUES (7, 29);
INSERT INTO `user_document` (`document_id`, `user_id`) VALUES (8, 30);
INSERT INTO `user_document` (`document_id`, `user_id`) VALUES (3, 31);
INSERT INTO `user_document` (`document_id`, `user_id`) VALUES (4, 32);
INSERT INTO `user_document` (`document_id`, `user_id`) VALUES (5, 33);
INSERT INTO `user_document` (`document_id`, `user_id`) VALUES (7, 34);
INSERT INTO `user_document` (`document_id`, `user_id`) VALUES (8, 35);
INSERT INTO `user_document` (`document_id`, `user_id`) VALUES (3, 36);
INSERT INTO `user_document` (`document_id`, `user_id`) VALUES (4, 37);
INSERT INTO `user_document` (`document_id`, `user_id`) VALUES (5, 38);
INSERT INTO `user_document` (`document_id`, `user_id`) VALUES (7, 39);
INSERT INTO `user_document` (`document_id`, `user_id`) VALUES (8, 40);
INSERT INTO `user_document` (`document_id`, `user_id`) VALUES (3, 41);
INSERT INTO `user_document` (`document_id`, `user_id`) VALUES (4, 42);
INSERT INTO `user_document` (`document_id`, `user_id`) VALUES (5, 43);
INSERT INTO `user_document` (`document_id`, `user_id`) VALUES (7, 44);
INSERT INTO `user_document` (`document_id`, `user_id`) VALUES (8, 45);
INSERT INTO `user_document` (`document_id`, `user_id`) VALUES (3, 46);
INSERT INTO `user_document` (`document_id`, `user_id`) VALUES (4, 47);
INSERT INTO `user_document` (`document_id`, `user_id`) VALUES (5, 48);
INSERT INTO `user_document` (`document_id`, `user_id`) VALUES (7, 49);
INSERT INTO `user_document` (`document_id`, `user_id`) VALUES (8, 50);


#
# TABLE STRUCTURE FOR: company
#


INSERT INTO `company` (`id`, `company_name`) VALUES (2, 'Beatty-Kuphal');
INSERT INTO `company` (`id`, `company_name`) VALUES (3, 'Schulist-Stanton');
INSERT INTO `company` (`id`, `company_name`) VALUES (1, 'Schumm, Flatley and Yost');


#
# TABLE STRUCTURE FOR: service_user_company
#

INSERT INTO `service_user_company` (`company_id`, `service_user_id`) VALUES (1, 1);
INSERT INTO `service_user_company` (`company_id`, `service_user_id`) VALUES (2, 2);
INSERT INTO `service_user_company` (`company_id`, `service_user_id`) VALUES (3, 3);
INSERT INTO `service_user_company` (`company_id`, `service_user_id`) VALUES (1, 4);
INSERT INTO `service_user_company` (`company_id`, `service_user_id`) VALUES (2, 5);
INSERT INTO `service_user_company` (`company_id`, `service_user_id`) VALUES (3, 6);
INSERT INTO `service_user_company` (`company_id`, `service_user_id`) VALUES (1, 7);
INSERT INTO `service_user_company` (`company_id`, `service_user_id`) VALUES (2, 8);
INSERT INTO `service_user_company` (`company_id`, `service_user_id`) VALUES (3, 9);
INSERT INTO `service_user_company` (`company_id`, `service_user_id`) VALUES (1, 10);
INSERT INTO `service_user_company` (`company_id`, `service_user_id`) VALUES (2, 11);
INSERT INTO `service_user_company` (`company_id`, `service_user_id`) VALUES (3, 12);
INSERT INTO `service_user_company` (`company_id`, `service_user_id`) VALUES (1, 13);
INSERT INTO `service_user_company` (`company_id`, `service_user_id`) VALUES (2, 14);
INSERT INTO `service_user_company` (`company_id`, `service_user_id`) VALUES (3, 15);
INSERT INTO `service_user_company` (`company_id`, `service_user_id`) VALUES (1, 16);
INSERT INTO `service_user_company` (`company_id`, `service_user_id`) VALUES (2, 17);
INSERT INTO `service_user_company` (`company_id`, `service_user_id`) VALUES (3, 18);
INSERT INTO `service_user_company` (`company_id`, `service_user_id`) VALUES (1, 19);
INSERT INTO `service_user_company` (`company_id`, `service_user_id`) VALUES (2, 20);
INSERT INTO `service_user_company` (`company_id`, `service_user_id`) VALUES (3, 21);
INSERT INTO `service_user_company` (`company_id`, `service_user_id`) VALUES (1, 22);
INSERT INTO `service_user_company` (`company_id`, `service_user_id`) VALUES (2, 23);
INSERT INTO `service_user_company` (`company_id`, `service_user_id`) VALUES (3, 24);
INSERT INTO `service_user_company` (`company_id`, `service_user_id`) VALUES (1, 25);
INSERT INTO `service_user_company` (`company_id`, `service_user_id`) VALUES (2, 26);
INSERT INTO `service_user_company` (`company_id`, `service_user_id`) VALUES (3, 27);
INSERT INTO `service_user_company` (`company_id`, `service_user_id`) VALUES (1, 28);
INSERT INTO `service_user_company` (`company_id`, `service_user_id`) VALUES (2, 29);
INSERT INTO `service_user_company` (`company_id`, `service_user_id`) VALUES (3, 30);
INSERT INTO `service_user_company` (`company_id`, `service_user_id`) VALUES (1, 31);
INSERT INTO `service_user_company` (`company_id`, `service_user_id`) VALUES (2, 32);
INSERT INTO `service_user_company` (`company_id`, `service_user_id`) VALUES (3, 33);
INSERT INTO `service_user_company` (`company_id`, `service_user_id`) VALUES (1, 34);
INSERT INTO `service_user_company` (`company_id`, `service_user_id`) VALUES (2, 35);
INSERT INTO `service_user_company` (`company_id`, `service_user_id`) VALUES (3, 36);
INSERT INTO `service_user_company` (`company_id`, `service_user_id`) VALUES (1, 37);
INSERT INTO `service_user_company` (`company_id`, `service_user_id`) VALUES (2, 38);
INSERT INTO `service_user_company` (`company_id`, `service_user_id`) VALUES (3, 39);
INSERT INTO `service_user_company` (`company_id`, `service_user_id`) VALUES (1, 40);
INSERT INTO `service_user_company` (`company_id`, `service_user_id`) VALUES (2, 41);
INSERT INTO `service_user_company` (`company_id`, `service_user_id`) VALUES (3, 42);
INSERT INTO `service_user_company` (`company_id`, `service_user_id`) VALUES (1, 43);
INSERT INTO `service_user_company` (`company_id`, `service_user_id`) VALUES (2, 44);
INSERT INTO `service_user_company` (`company_id`, `service_user_id`) VALUES (3, 45);
INSERT INTO `service_user_company` (`company_id`, `service_user_id`) VALUES (1, 46);
INSERT INTO `service_user_company` (`company_id`, `service_user_id`) VALUES (2, 47);
INSERT INTO `service_user_company` (`company_id`, `service_user_id`) VALUES (3, 48);
INSERT INTO `service_user_company` (`company_id`, `service_user_id`) VALUES (1, 49);
INSERT INTO `service_user_company` (`company_id`, `service_user_id`) VALUES (2, 50);
INSERT INTO `service_user_company` (`company_id`, `service_user_id`) VALUES (3, 51);
INSERT INTO `service_user_company` (`company_id`, `service_user_id`) VALUES (1, 52);
INSERT INTO `service_user_company` (`company_id`, `service_user_id`) VALUES (2, 53);
INSERT INTO `service_user_company` (`company_id`, `service_user_id`) VALUES (3, 54);
INSERT INTO `service_user_company` (`company_id`, `service_user_id`) VALUES (1, 55);
INSERT INTO `service_user_company` (`company_id`, `service_user_id`) VALUES (2, 56);
INSERT INTO `service_user_company` (`company_id`, `service_user_id`) VALUES (3, 57);
INSERT INTO `service_user_company` (`company_id`, `service_user_id`) VALUES (1, 58);
INSERT INTO `service_user_company` (`company_id`, `service_user_id`) VALUES (2, 59);
INSERT INTO `service_user_company` (`company_id`, `service_user_id`) VALUES (3, 60);
INSERT INTO `service_user_company` (`company_id`, `service_user_id`) VALUES (1, 61);
INSERT INTO `service_user_company` (`company_id`, `service_user_id`) VALUES (2, 62);
INSERT INTO `service_user_company` (`company_id`, `service_user_id`) VALUES (3, 63);
INSERT INTO `service_user_company` (`company_id`, `service_user_id`) VALUES (1, 64);
INSERT INTO `service_user_company` (`company_id`, `service_user_id`) VALUES (2, 65);
INSERT INTO `service_user_company` (`company_id`, `service_user_id`) VALUES (3, 66);
INSERT INTO `service_user_company` (`company_id`, `service_user_id`) VALUES (1, 67);
INSERT INTO `service_user_company` (`company_id`, `service_user_id`) VALUES (2, 68);
INSERT INTO `service_user_company` (`company_id`, `service_user_id`) VALUES (3, 69);
INSERT INTO `service_user_company` (`company_id`, `service_user_id`) VALUES (1, 70);
INSERT INTO `service_user_company` (`company_id`, `service_user_id`) VALUES (2, 71);
INSERT INTO `service_user_company` (`company_id`, `service_user_id`) VALUES (3, 72);
INSERT INTO `service_user_company` (`company_id`, `service_user_id`) VALUES (1, 73);
INSERT INTO `service_user_company` (`company_id`, `service_user_id`) VALUES (2, 74);
INSERT INTO `service_user_company` (`company_id`, `service_user_id`) VALUES (3, 75);
INSERT INTO `service_user_company` (`company_id`, `service_user_id`) VALUES (1, 76);
INSERT INTO `service_user_company` (`company_id`, `service_user_id`) VALUES (2, 77);
INSERT INTO `service_user_company` (`company_id`, `service_user_id`) VALUES (3, 78);
INSERT INTO `service_user_company` (`company_id`, `service_user_id`) VALUES (1, 79);
INSERT INTO `service_user_company` (`company_id`, `service_user_id`) VALUES (2, 80);
INSERT INTO `service_user_company` (`company_id`, `service_user_id`) VALUES (3, 81);
INSERT INTO `service_user_company` (`company_id`, `service_user_id`) VALUES (1, 82);
INSERT INTO `service_user_company` (`company_id`, `service_user_id`) VALUES (2, 83);
INSERT INTO `service_user_company` (`company_id`, `service_user_id`) VALUES (3, 84);
INSERT INTO `service_user_company` (`company_id`, `service_user_id`) VALUES (1, 85);
INSERT INTO `service_user_company` (`company_id`, `service_user_id`) VALUES (2, 86);
INSERT INTO `service_user_company` (`company_id`, `service_user_id`) VALUES (3, 87);
INSERT INTO `service_user_company` (`company_id`, `service_user_id`) VALUES (1, 88);
INSERT INTO `service_user_company` (`company_id`, `service_user_id`) VALUES (2, 89);
INSERT INTO `service_user_company` (`company_id`, `service_user_id`) VALUES (3, 90);
INSERT INTO `service_user_company` (`company_id`, `service_user_id`) VALUES (1, 91);
INSERT INTO `service_user_company` (`company_id`, `service_user_id`) VALUES (2, 92);
INSERT INTO `service_user_company` (`company_id`, `service_user_id`) VALUES (3, 93);
INSERT INTO `service_user_company` (`company_id`, `service_user_id`) VALUES (1, 94);
INSERT INTO `service_user_company` (`company_id`, `service_user_id`) VALUES (2, 95);
INSERT INTO `service_user_company` (`company_id`, `service_user_id`) VALUES (3, 96);
INSERT INTO `service_user_company` (`company_id`, `service_user_id`) VALUES (1, 97);
INSERT INTO `service_user_company` (`company_id`, `service_user_id`) VALUES (2, 98);
INSERT INTO `service_user_company` (`company_id`, `service_user_id`) VALUES (3, 99);
INSERT INTO `service_user_company` (`company_id`, `service_user_id`) VALUES (1, 100);
INSERT INTO `service_user_company` (`company_id`, `service_user_id`) VALUES (2, 1);
INSERT INTO `service_user_company` (`company_id`, `service_user_id`) VALUES (3, 2);
INSERT INTO `service_user_company` (`company_id`, `service_user_id`) VALUES (1, 3);
INSERT INTO `service_user_company` (`company_id`, `service_user_id`) VALUES (2, 4);
INSERT INTO `service_user_company` (`company_id`, `service_user_id`) VALUES (3, 5);
INSERT INTO `service_user_company` (`company_id`, `service_user_id`) VALUES (1, 6);
INSERT INTO `service_user_company` (`company_id`, `service_user_id`) VALUES (2, 7);
INSERT INTO `service_user_company` (`company_id`, `service_user_id`) VALUES (3, 8);
INSERT INTO `service_user_company` (`company_id`, `service_user_id`) VALUES (1, 9);
INSERT INTO `service_user_company` (`company_id`, `service_user_id`) VALUES (2, 10);
INSERT INTO `service_user_company` (`company_id`, `service_user_id`) VALUES (3, 11);
INSERT INTO `service_user_company` (`company_id`, `service_user_id`) VALUES (1, 12);
INSERT INTO `service_user_company` (`company_id`, `service_user_id`) VALUES (2, 13);
INSERT INTO `service_user_company` (`company_id`, `service_user_id`) VALUES (3, 14);
INSERT INTO `service_user_company` (`company_id`, `service_user_id`) VALUES (1, 15);
INSERT INTO `service_user_company` (`company_id`, `service_user_id`) VALUES (2, 16);
INSERT INTO `service_user_company` (`company_id`, `service_user_id`) VALUES (3, 17);
INSERT INTO `service_user_company` (`company_id`, `service_user_id`) VALUES (1, 18);
INSERT INTO `service_user_company` (`company_id`, `service_user_id`) VALUES (2, 19);
INSERT INTO `service_user_company` (`company_id`, `service_user_id`) VALUES (3, 20);

#
# TABLE STRUCTURE FOR: address
#

INSERT INTO `address` (`id`, `country`, `region`,  `district`, `street`, `building`, `premises`) VALUES ('1','Denmark','Vermont','Tabithaborough','Rebekah Common','6','2');
INSERT INTO `address` (`id`, `country`, `region`,  `district`, `street`, `building`, `premises`) VALUES ('2','Cape Verde','Colorado','Gaylordborough','Stoltenberg Key','4','4');
INSERT INTO `address` (`id`, `country`, `region`,  `district`, `street`, `building`, `premises`) VALUES ('3','Northern Mariana Islands','NewHampshire','North Judgeton','Grimes Roads','5','9');
INSERT INTO `address` (`id`, `country`, `region`,  `district`, `street`, `building`, `premises`) VALUES ('4','Bosnia and Herzegovina','Montana','North Rickytown','Langworth Junction','1','7');
INSERT INTO `address` (`id`, `country`, `region`,  `district`, `street`, `building`, `premises`) VALUES ('5','Syrian Arab Republic','Florida','New Jazlynhaven','Marquardt Fort','3','4');
INSERT INTO `address` (`id`, `country`, `region`,  `district`, `street`, `building`, `premises`) VALUES ('6','Cape Verde','Missouri','Raphaelleport','Carlo Lodge','5','6');
INSERT INTO `address` (`id`, `country`, `region`,  `district`, `street`, `building`, `premises`) VALUES ('7','Guadeloupe','Utah','Greenfelderfurt','Rosenbaum Wall','8','3');
INSERT INTO `address` (`id`, `country`, `region`,  `district`, `street`, `building`, `premises`) VALUES ('8','Canada','Michigan','South Scarlettshire','Okuneva Extensions','3','1');
INSERT INTO `address` (`id`, `country`, `region`,  `district`, `street`, `building`, `premises`) VALUES ('9','Antarctica (the territory South of 60 deg S)','RhodeIsland','Port Cassandra','Bechtelar Key','4','9');
INSERT INTO `address` (`id`, `country`, `region`,  `district`, `street`, `building`, `premises`) VALUES ('10','France','Illinois','South Malcolmtown','Crystel Lane','8','4');
INSERT INTO `address` (`id`, `country`, `region`,  `district`, `street`, `building`, `premises`) VALUES ('11','Tuvalu','Maine','Coleburgh','Dovie Forest','4','3');
INSERT INTO `address` (`id`, `country`, `region`,  `district`, `street`, `building`, `premises`) VALUES ('12','Cambodia','Nebraska','Kennamouth','Heidenreich Roads','1','1'); 

#
# TABLE STRUCTURE FOR: place_of_rent
#

INSERT INTO `place_of_rent` (`id`, `place_of_rent_name`, `company_id`, `address_id`) VALUES (1, 'aut', 1, 1);
INSERT INTO `place_of_rent` (`id`, `place_of_rent_name`, `company_id`, `address_id`) VALUES (2, 'impedit', 2, 2);
INSERT INTO `place_of_rent` (`id`, `place_of_rent_name`, `company_id`, `address_id`) VALUES (3, 'soluta', 3, 3);
INSERT INTO `place_of_rent` (`id`, `place_of_rent_name`, `company_id`, `address_id`) VALUES (4, 'non', 1, 4);
INSERT INTO `place_of_rent` (`id`, `place_of_rent_name`, `company_id`, `address_id`) VALUES (5, 'qui', 2, 5);
INSERT INTO `place_of_rent` (`id`, `place_of_rent_name`, `company_id`, `address_id`) VALUES (6, 'nesciunt', 3, 6);
INSERT INTO `place_of_rent` (`id`, `place_of_rent_name`, `company_id`, `address_id`) VALUES (7, 'nostrum', 1, 7);
INSERT INTO `place_of_rent` (`id`, `place_of_rent_name`, `company_id`, `address_id`) VALUES (8, 'harum', 2, 8);
INSERT INTO `place_of_rent` (`id`, `place_of_rent_name`, `company_id`, `address_id`) VALUES (9, 'tempora', 3, 9);
INSERT INTO `place_of_rent` (`id`, `place_of_rent_name`, `company_id`, `address_id`) VALUES (10, 'totam', 1, 10);
INSERT INTO `place_of_rent` (`id`, `place_of_rent_name`, `company_id`, `address_id`) VALUES (11, 'veritatis', 2, 11);
INSERT INTO `place_of_rent` (`id`, `place_of_rent_name`, `company_id`, `address_id`) VALUES (12, 'voluptas', 3, 12);


#
# TABLE STRUCTURE FOR: place_schedule
#

INSERT INTO `place_schedule` (`id`, `place_id`, `day_of_week`, `from`, `to`) VALUES (1, 1, '1', '15:26:19', '04:03:07');
INSERT INTO `place_schedule` (`id`, `place_id`, `day_of_week`, `from`, `to`) VALUES (2, 2, '3', '15:37:58', '16:08:37');
INSERT INTO `place_schedule` (`id`, `place_id`, `day_of_week`, `from`, `to`) VALUES (3, 3, '6', '06:13:19', '10:38:14');
INSERT INTO `place_schedule` (`id`, `place_id`, `day_of_week`, `from`, `to`) VALUES (4, 4, '6', '05:41:31', '14:52:47');
INSERT INTO `place_schedule` (`id`, `place_id`, `day_of_week`, `from`, `to`) VALUES (5, 5, '5', '11:24:44', '13:33:11');
INSERT INTO `place_schedule` (`id`, `place_id`, `day_of_week`, `from`, `to`) VALUES (6, 6, '2', '18:00:02', '12:55:08');
INSERT INTO `place_schedule` (`id`, `place_id`, `day_of_week`, `from`, `to`) VALUES (7, 7, '5', '15:19:18', '18:00:44');
INSERT INTO `place_schedule` (`id`, `place_id`, `day_of_week`, `from`, `to`) VALUES (8, 8, '6', '13:22:22', '12:10:09');
INSERT INTO `place_schedule` (`id`, `place_id`, `day_of_week`, `from`, `to`) VALUES (9, 9, '4', '08:46:58', '22:24:16');
INSERT INTO `place_schedule` (`id`, `place_id`, `day_of_week`, `from`, `to`) VALUES (10, 10, '6', '09:59:23', '15:06:24');
INSERT INTO `place_schedule` (`id`, `place_id`, `day_of_week`, `from`, `to`) VALUES (11, 11, '4', '20:39:14', '21:34:59');
INSERT INTO `place_schedule` (`id`, `place_id`, `day_of_week`, `from`, `to`) VALUES (12, 12, '1', '13:35:38', '17:06:59');
INSERT INTO `place_schedule` (`id`, `place_id`, `day_of_week`, `from`, `to`) VALUES (13, 1, '5', '14:34:54', '13:49:03');
INSERT INTO `place_schedule` (`id`, `place_id`, `day_of_week`, `from`, `to`) VALUES (14, 2, '5', '03:07:41', '09:08:51');
INSERT INTO `place_schedule` (`id`, `place_id`, `day_of_week`, `from`, `to`) VALUES (15, 3, '6', '10:46:16', '05:19:50');
INSERT INTO `place_schedule` (`id`, `place_id`, `day_of_week`, `from`, `to`) VALUES (16, 4, '7', '18:56:18', '17:07:56');
INSERT INTO `place_schedule` (`id`, `place_id`, `day_of_week`, `from`, `to`) VALUES (17, 5, '2', '07:41:58', '08:37:30');
INSERT INTO `place_schedule` (`id`, `place_id`, `day_of_week`, `from`, `to`) VALUES (18, 6, '7', '13:00:09', '18:33:55');
INSERT INTO `place_schedule` (`id`, `place_id`, `day_of_week`, `from`, `to`) VALUES (19, 7, '2', '05:41:29', '12:40:29');
INSERT INTO `place_schedule` (`id`, `place_id`, `day_of_week`, `from`, `to`) VALUES (20, 8, '6', '14:49:10', '10:12:39');
INSERT INTO `place_schedule` (`id`, `place_id`, `day_of_week`, `from`, `to`) VALUES (21, 9, '1', '21:58:00', '16:30:44');
INSERT INTO `place_schedule` (`id`, `place_id`, `day_of_week`, `from`, `to`) VALUES (22, 10, '7', '11:34:13', '19:00:36');
INSERT INTO `place_schedule` (`id`, `place_id`, `day_of_week`, `from`, `to`) VALUES (23, 11, '1', '15:00:36', '18:54:36');
INSERT INTO `place_schedule` (`id`, `place_id`, `day_of_week`, `from`, `to`) VALUES (24, 12, '4', '23:31:48', '15:55:47');
INSERT INTO `place_schedule` (`id`, `place_id`, `day_of_week`, `from`, `to`) VALUES (25, 1, '1', '08:19:31', '13:50:47');
INSERT INTO `place_schedule` (`id`, `place_id`, `day_of_week`, `from`, `to`) VALUES (26, 2, '4', '06:43:56', '22:21:02');
INSERT INTO `place_schedule` (`id`, `place_id`, `day_of_week`, `from`, `to`) VALUES (27, 3, '5', '19:27:53', '00:59:48');
INSERT INTO `place_schedule` (`id`, `place_id`, `day_of_week`, `from`, `to`) VALUES (28, 4, '4', '04:06:13', '09:01:41');
INSERT INTO `place_schedule` (`id`, `place_id`, `day_of_week`, `from`, `to`) VALUES (29, 5, '2', '14:52:35', '01:38:26');
INSERT INTO `place_schedule` (`id`, `place_id`, `day_of_week`, `from`, `to`) VALUES (30, 6, '2', '00:54:28', '09:33:43');
INSERT INTO `place_schedule` (`id`, `place_id`, `day_of_week`, `from`, `to`) VALUES (31, 7, '7', '13:14:23', '22:50:26');
INSERT INTO `place_schedule` (`id`, `place_id`, `day_of_week`, `from`, `to`) VALUES (32, 8, '1', '04:43:51', '20:24:58');
INSERT INTO `place_schedule` (`id`, `place_id`, `day_of_week`, `from`, `to`) VALUES (33, 9, '6', '22:23:54', '11:58:29');
INSERT INTO `place_schedule` (`id`, `place_id`, `day_of_week`, `from`, `to`) VALUES (34, 10, '2', '02:20:40', '05:20:04');
INSERT INTO `place_schedule` (`id`, `place_id`, `day_of_week`, `from`, `to`) VALUES (35, 11, '5', '17:26:04', '16:13:47');
INSERT INTO `place_schedule` (`id`, `place_id`, `day_of_week`, `from`, `to`) VALUES (36, 12, '7', '18:09:10', '02:41:54');
INSERT INTO `place_schedule` (`id`, `place_id`, `day_of_week`, `from`, `to`) VALUES (37, 1, '7', '11:14:29', '07:06:50');
INSERT INTO `place_schedule` (`id`, `place_id`, `day_of_week`, `from`, `to`) VALUES (38, 2, '4', '00:15:10', '08:26:37');
INSERT INTO `place_schedule` (`id`, `place_id`, `day_of_week`, `from`, `to`) VALUES (39, 3, '2', '08:27:33', '13:57:38');
INSERT INTO `place_schedule` (`id`, `place_id`, `day_of_week`, `from`, `to`) VALUES (40, 4, '5', '11:31:15', '07:58:03');
INSERT INTO `place_schedule` (`id`, `place_id`, `day_of_week`, `from`, `to`) VALUES (41, 5, '7', '11:45:49', '09:17:49');
INSERT INTO `place_schedule` (`id`, `place_id`, `day_of_week`, `from`, `to`) VALUES (42, 6, '5', '22:39:17', '04:00:33');
INSERT INTO `place_schedule` (`id`, `place_id`, `day_of_week`, `from`, `to`) VALUES (43, 7, '1', '19:10:02', '05:20:40');
INSERT INTO `place_schedule` (`id`, `place_id`, `day_of_week`, `from`, `to`) VALUES (44, 8, '3', '22:57:36', '06:16:58');
INSERT INTO `place_schedule` (`id`, `place_id`, `day_of_week`, `from`, `to`) VALUES (45, 9, '6', '02:41:35', '14:17:38');
INSERT INTO `place_schedule` (`id`, `place_id`, `day_of_week`, `from`, `to`) VALUES (46, 10, '6', '05:27:45', '04:16:34');
INSERT INTO `place_schedule` (`id`, `place_id`, `day_of_week`, `from`, `to`) VALUES (47, 11, '7', '08:47:09', '13:35:14');
INSERT INTO `place_schedule` (`id`, `place_id`, `day_of_week`, `from`, `to`) VALUES (48, 12, '5', '11:29:10', '17:26:41');
INSERT INTO `place_schedule` (`id`, `place_id`, `day_of_week`, `from`, `to`) VALUES (49, 1, '2', '21:40:20', '08:58:18');
INSERT INTO `place_schedule` (`id`, `place_id`, `day_of_week`, `from`, `to`) VALUES (50, 2, '7', '13:33:31', '11:28:57');



#
# TABLE STRUCTURE FOR: worker
#

INSERT INTO `worker` (`id`, `worker_name`, `place_of_rent_id`) VALUES (1, 'Bart Stoltenberg', 1);
INSERT INTO `worker` (`id`, `worker_name`, `place_of_rent_id`) VALUES (2, 'Mrs. Irma McDermott DVM', 2);
INSERT INTO `worker` (`id`, `worker_name`, `place_of_rent_id`) VALUES (3, 'Minnie Purdy', 3);
INSERT INTO `worker` (`id`, `worker_name`, `place_of_rent_id`) VALUES (4, 'Dr. Emilio Krajcik', 4);
INSERT INTO `worker` (`id`, `worker_name`, `place_of_rent_id`) VALUES (5, 'Miss Susana Heaney', 5);
INSERT INTO `worker` (`id`, `worker_name`, `place_of_rent_id`) VALUES (6, 'Mrs. Evalyn Dare DDS', 6);
INSERT INTO `worker` (`id`, `worker_name`, `place_of_rent_id`) VALUES (7, 'Pamela Kub', 7);
INSERT INTO `worker` (`id`, `worker_name`, `place_of_rent_id`) VALUES (8, 'Glenna Yost', 8);
INSERT INTO `worker` (`id`, `worker_name`, `place_of_rent_id`) VALUES (9, 'Dr. Ed Feil', 9);
INSERT INTO `worker` (`id`, `worker_name`, `place_of_rent_id`) VALUES (10, 'Ms. Nia Marvin II', 10);
INSERT INTO `worker` (`id`, `worker_name`, `place_of_rent_id`) VALUES (11, 'Ms. Aimee Effertz III', 11);
INSERT INTO `worker` (`id`, `worker_name`, `place_of_rent_id`) VALUES (12, 'Hattie Brakus', 12);
INSERT INTO `worker` (`id`, `worker_name`, `place_of_rent_id`) VALUES (13, 'Reggie Beatty', 1);
INSERT INTO `worker` (`id`, `worker_name`, `place_of_rent_id`) VALUES (14, 'Ivory Fay', 2);
INSERT INTO `worker` (`id`, `worker_name`, `place_of_rent_id`) VALUES (15, 'Lia Metz', 3);
INSERT INTO `worker` (`id`, `worker_name`, `place_of_rent_id`) VALUES (16, 'Sharon Mills IV', 4);
INSERT INTO `worker` (`id`, `worker_name`, `place_of_rent_id`) VALUES (17, 'Dr. Conrad Morar DDS', 5);
INSERT INTO `worker` (`id`, `worker_name`, `place_of_rent_id`) VALUES (18, 'Dr. Deshawn Ruecker DVM', 6);
INSERT INTO `worker` (`id`, `worker_name`, `place_of_rent_id`) VALUES (19, 'Jordyn Wiza', 7);
INSERT INTO `worker` (`id`, `worker_name`, `place_of_rent_id`) VALUES (20, 'Magdalena Konopelski', 8);


#
# TABLE STRUCTURE FOR: sport
#

INSERT INTO `sport` (`id`, `name`, `rules`, `type`) VALUES (0, 'quae', NULL, 'personal');
INSERT INTO `sport` (`id`, `name`, `rules`, `type`) VALUES (1, 'reiciendis', NULL, 'personal');
INSERT INTO `sport` (`id`, `name`, `rules`, `type`) VALUES (2, 'qui', NULL, 'team');
INSERT INTO `sport` (`id`, `name`, `rules`, `type`) VALUES (3, 'eum', NULL, 'team');
INSERT INTO `sport` (`id`, `name`, `rules`, `type`) VALUES (4, 'porro', NULL, 'team');
INSERT INTO `sport` (`id`, `name`, `rules`, `type`) VALUES (5, 'natus', NULL, 'team');
INSERT INTO `sport` (`id`, `name`, `rules`, `type`) VALUES (6, 'provident', NULL, 'personal');
INSERT INTO `sport` (`id`, `name`, `rules`, `type`) VALUES (7, 'quae', NULL, 'personal');
INSERT INTO `sport` (`id`, `name`, `rules`, `type`) VALUES (8, 'officia', NULL, 'team');
INSERT INTO `sport` (`id`, `name`, `rules`, `type`) VALUES (9, 'quibusdam', NULL, 'personal');


#
# TABLE STRUCTURE FOR: favourite_sport
#

INSERT INTO `favourite_sport` (`sport_id`, `user_id`) VALUES (0, 1);
INSERT INTO `favourite_sport` (`sport_id`, `user_id`) VALUES (1, 2);
INSERT INTO `favourite_sport` (`sport_id`, `user_id`) VALUES (2, 3);
INSERT INTO `favourite_sport` (`sport_id`, `user_id`) VALUES (3, 4);
INSERT INTO `favourite_sport` (`sport_id`, `user_id`) VALUES (4, 5);
INSERT INTO `favourite_sport` (`sport_id`, `user_id`) VALUES (5, 6);
INSERT INTO `favourite_sport` (`sport_id`, `user_id`) VALUES (6, 7);
INSERT INTO `favourite_sport` (`sport_id`, `user_id`) VALUES (7, 8);
INSERT INTO `favourite_sport` (`sport_id`, `user_id`) VALUES (8, 9);
INSERT INTO `favourite_sport` (`sport_id`, `user_id`) VALUES (9, 10);
INSERT INTO `favourite_sport` (`sport_id`, `user_id`) VALUES (0, 11);
INSERT INTO `favourite_sport` (`sport_id`, `user_id`) VALUES (1, 12);
INSERT INTO `favourite_sport` (`sport_id`, `user_id`) VALUES (2, 13);
INSERT INTO `favourite_sport` (`sport_id`, `user_id`) VALUES (3, 14);
INSERT INTO `favourite_sport` (`sport_id`, `user_id`) VALUES (4, 15);
INSERT INTO `favourite_sport` (`sport_id`, `user_id`) VALUES (5, 16);
INSERT INTO `favourite_sport` (`sport_id`, `user_id`) VALUES (6, 17);
INSERT INTO `favourite_sport` (`sport_id`, `user_id`) VALUES (7, 18);
INSERT INTO `favourite_sport` (`sport_id`, `user_id`) VALUES (8, 19);
INSERT INTO `favourite_sport` (`sport_id`, `user_id`) VALUES (9, 20);
INSERT INTO `favourite_sport` (`sport_id`, `user_id`) VALUES (0, 21);
INSERT INTO `favourite_sport` (`sport_id`, `user_id`) VALUES (1, 22);
INSERT INTO `favourite_sport` (`sport_id`, `user_id`) VALUES (2, 23);
INSERT INTO `favourite_sport` (`sport_id`, `user_id`) VALUES (3, 24);
INSERT INTO `favourite_sport` (`sport_id`, `user_id`) VALUES (4, 25);
INSERT INTO `favourite_sport` (`sport_id`, `user_id`) VALUES (5, 26);
INSERT INTO `favourite_sport` (`sport_id`, `user_id`) VALUES (6, 27);
INSERT INTO `favourite_sport` (`sport_id`, `user_id`) VALUES (7, 28);
INSERT INTO `favourite_sport` (`sport_id`, `user_id`) VALUES (8, 29);
INSERT INTO `favourite_sport` (`sport_id`, `user_id`) VALUES (9, 30);
INSERT INTO `favourite_sport` (`sport_id`, `user_id`) VALUES (0, 31);
INSERT INTO `favourite_sport` (`sport_id`, `user_id`) VALUES (1, 32);
INSERT INTO `favourite_sport` (`sport_id`, `user_id`) VALUES (2, 33);
INSERT INTO `favourite_sport` (`sport_id`, `user_id`) VALUES (3, 34);
INSERT INTO `favourite_sport` (`sport_id`, `user_id`) VALUES (4, 35);


#
# TABLE STRUCTURE FOR: item
#

INSERT INTO `item` (`id`, `item_name`, `suitable_for_rent`, `cost`, `season`, `place_of_rent_id`) VALUES ('301', 'earum', 6, '13642338.48', 'summer', 1);
INSERT INTO `item` (`id`, `item_name`, `suitable_for_rent`, `cost`, `season`, `place_of_rent_id`) VALUES ('302', 'error', 0, '107315.83', 'all', 2);
INSERT INTO `item` (`id`, `item_name`, `suitable_for_rent`, `cost`, `season`, `place_of_rent_id`) VALUES ('303', 'nobis', 9, '99999999.99', 'winter', 3);
INSERT INTO `item` (`id`, `item_name`, `suitable_for_rent`, `cost`, `season`, `place_of_rent_id`) VALUES ('304', 'quis', 1, '1146.14', 'winter', 4);
INSERT INTO `item` (`id`, `item_name`, `suitable_for_rent`, `cost`, `season`, `place_of_rent_id`) VALUES ('305', 'sapiente', 2, '15.65', 'all', 5);
INSERT INTO `item` (`id`, `item_name`, `suitable_for_rent`, `cost`, `season`, `place_of_rent_id`) VALUES ('306', 'eligendi', 0, '246.36', 'summer', 6);
INSERT INTO `item` (`id`, `item_name`, `suitable_for_rent`, `cost`, `season`, `place_of_rent_id`) VALUES ('307', 'non', 4, '11808.60', 'all', 7);
INSERT INTO `item` (`id`, `item_name`, `suitable_for_rent`, `cost`, `season`, `place_of_rent_id`) VALUES ('308', 'veniam', 0, '0.00', 'winter', 8);
INSERT INTO `item` (`id`, `item_name`, `suitable_for_rent`, `cost`, `season`, `place_of_rent_id`) VALUES ('309', 'est', 6, '173530.70', 'all', 9);
INSERT INTO `item` (`id`, `item_name`, `suitable_for_rent`, `cost`, `season`, `place_of_rent_id`) VALUES ('310', 'aliquid', 3, '96.50', 'all', 10);
INSERT INTO `item` (`id`, `item_name`, `suitable_for_rent`, `cost`, `season`, `place_of_rent_id`) VALUES ('311', 'natus', 2, '2709085.14', 'winter', 11);
INSERT INTO `item` (`id`, `item_name`, `suitable_for_rent`, `cost`, `season`, `place_of_rent_id`) VALUES ('312', 'cum', 8, '99999999.99', 'summer', 12);
INSERT INTO `item` (`id`, `item_name`, `suitable_for_rent`, `cost`, `season`, `place_of_rent_id`) VALUES ('313', 'perferendis', 5, '0.00', 'all', 1);
INSERT INTO `item` (`id`, `item_name`, `suitable_for_rent`, `cost`, `season`, `place_of_rent_id`) VALUES ('314', 'non', 3, '8.67', 'summer', 2);
INSERT INTO `item` (`id`, `item_name`, `suitable_for_rent`, `cost`, `season`, `place_of_rent_id`) VALUES ('315', 'ratione', 0, '13.83', 'winter', 3);
INSERT INTO `item` (`id`, `item_name`, `suitable_for_rent`, `cost`, `season`, `place_of_rent_id`) VALUES ('316', 'unde', 8, '1176.10', 'winter', 4);
INSERT INTO `item` (`id`, `item_name`, `suitable_for_rent`, `cost`, `season`, `place_of_rent_id`) VALUES ('317', 'rerum', 0, '4347.90', 'winter', 5);
INSERT INTO `item` (`id`, `item_name`, `suitable_for_rent`, `cost`, `season`, `place_of_rent_id`) VALUES ('318', 'deleniti', 7, '67711175.69', 'all', 6);
INSERT INTO `item` (`id`, `item_name`, `suitable_for_rent`, `cost`, `season`, `place_of_rent_id`) VALUES ('319', 'cum', 0, '11.58', 'summer', 7);
INSERT INTO `item` (`id`, `item_name`, `suitable_for_rent`, `cost`, `season`, `place_of_rent_id`) VALUES ('320', 'eum', 7, '0.10', 'winter', 8);
INSERT INTO `item` (`id`, `item_name`, `suitable_for_rent`, `cost`, `season`, `place_of_rent_id`) VALUES ('321', 'illo', 8, '4.59', 'all', 9);
INSERT INTO `item` (`id`, `item_name`, `suitable_for_rent`, `cost`, `season`, `place_of_rent_id`) VALUES ('322', 'alias', 0, '300367.16', 'all', 10);
INSERT INTO `item` (`id`, `item_name`, `suitable_for_rent`, `cost`, `season`, `place_of_rent_id`) VALUES ('323', 'rerum', 6, '3641.00', 'all', 11);
INSERT INTO `item` (`id`, `item_name`, `suitable_for_rent`, `cost`, `season`, `place_of_rent_id`) VALUES ('324', 'mollitia', 7, '1365.32', 'winter', 12);
INSERT INTO `item` (`id`, `item_name`, `suitable_for_rent`, `cost`, `season`, `place_of_rent_id`) VALUES ('325', 'dignissimos', 8, '1593.85', 'all', 1);
INSERT INTO `item` (`id`, `item_name`, `suitable_for_rent`, `cost`, `season`, `place_of_rent_id`) VALUES ('326', 'occaecati', 6, '28751159.42', 'summer', 2);
INSERT INTO `item` (`id`, `item_name`, `suitable_for_rent`, `cost`, `season`, `place_of_rent_id`) VALUES ('327', 'quis', 1, '1.20', 'winter', 3);
INSERT INTO `item` (`id`, `item_name`, `suitable_for_rent`, `cost`, `season`, `place_of_rent_id`) VALUES ('328', 'esse', 4, '387.00', 'winter', 4);
INSERT INTO `item` (`id`, `item_name`, `suitable_for_rent`, `cost`, `season`, `place_of_rent_id`) VALUES ('329', 'ipsam', 7, '727346.80', 'winter', 5);
INSERT INTO `item` (`id`, `item_name`, `suitable_for_rent`, `cost`, `season`, `place_of_rent_id`) VALUES ('330', 'quia', 6, '679011.55', 'all', 6);
INSERT INTO `item` (`id`, `item_name`, `suitable_for_rent`, `cost`, `season`, `place_of_rent_id`) VALUES ('331', 'atque', 4, '4274.98', 'all', 7);
INSERT INTO `item` (`id`, `item_name`, `suitable_for_rent`, `cost`, `season`, `place_of_rent_id`) VALUES ('332', 'non', 9, '30454717.47', 'summer', 8);
INSERT INTO `item` (`id`, `item_name`, `suitable_for_rent`, `cost`, `season`, `place_of_rent_id`) VALUES ('333', 'dicta', 7, '0.00', 'winter', 9);
INSERT INTO `item` (`id`, `item_name`, `suitable_for_rent`, `cost`, `season`, `place_of_rent_id`) VALUES ('334', 'quo', 1, '16388.20', 'all', 10);
INSERT INTO `item` (`id`, `item_name`, `suitable_for_rent`, `cost`, `season`, `place_of_rent_id`) VALUES ('335', 'eum', 6, '3.34', 'all', 11);
INSERT INTO `item` (`id`, `item_name`, `suitable_for_rent`, `cost`, `season`, `place_of_rent_id`) VALUES ('336', 'commodi', 9, '15597434.49', 'all', 12);
INSERT INTO `item` (`id`, `item_name`, `suitable_for_rent`, `cost`, `season`, `place_of_rent_id`) VALUES ('337', 'doloremque', 4, '0.00', 'winter', 1);
INSERT INTO `item` (`id`, `item_name`, `suitable_for_rent`, `cost`, `season`, `place_of_rent_id`) VALUES ('338', 'minima', 9, '1.90', 'all', 2);
INSERT INTO `item` (`id`, `item_name`, `suitable_for_rent`, `cost`, `season`, `place_of_rent_id`) VALUES ('339', 'qui', 3, '0.00', 'all', 3);
INSERT INTO `item` (`id`, `item_name`, `suitable_for_rent`, `cost`, `season`, `place_of_rent_id`) VALUES ('340', 'a', 5, '0.00', 'all', 4);
INSERT INTO `item` (`id`, `item_name`, `suitable_for_rent`, `cost`, `season`, `place_of_rent_id`) VALUES ('341', 'officia', 1, '29332524.46', 'winter', 5);
INSERT INTO `item` (`id`, `item_name`, `suitable_for_rent`, `cost`, `season`, `place_of_rent_id`) VALUES ('342', 'voluptates', 1, '295.99', 'winter', 6);
INSERT INTO `item` (`id`, `item_name`, `suitable_for_rent`, `cost`, `season`, `place_of_rent_id`) VALUES ('343', 'eos', 6, '56222975.79', 'summer', 7);
INSERT INTO `item` (`id`, `item_name`, `suitable_for_rent`, `cost`, `season`, `place_of_rent_id`) VALUES ('344', 'cupiditate', 6, '0.00', 'winter', 8);
INSERT INTO `item` (`id`, `item_name`, `suitable_for_rent`, `cost`, `season`, `place_of_rent_id`) VALUES ('345', 'rerum', 2, '2346.20', 'all', 9);
INSERT INTO `item` (`id`, `item_name`, `suitable_for_rent`, `cost`, `season`, `place_of_rent_id`) VALUES ('346', 'est', 0, '8.36', 'summer', 10);
INSERT INTO `item` (`id`, `item_name`, `suitable_for_rent`, `cost`, `season`, `place_of_rent_id`) VALUES ('347', 'autem', 6, '2.80', 'winter', 11);
INSERT INTO `item` (`id`, `item_name`, `suitable_for_rent`, `cost`, `season`, `place_of_rent_id`) VALUES ('348', 'omnis', 0, '32.00', 'summer', 12);
INSERT INTO `item` (`id`, `item_name`, `suitable_for_rent`, `cost`, `season`, `place_of_rent_id`) VALUES ('349', 'sed', 6, '446.96', 'winter', 1);
INSERT INTO `item` (`id`, `item_name`, `suitable_for_rent`, `cost`, `season`, `place_of_rent_id`) VALUES ('350', 'et', 8, '1264739.00', 'all', 2);
INSERT INTO `item` (`id`, `item_name`, `suitable_for_rent`, `cost`, `season`, `place_of_rent_id`) VALUES ('351', 'molestiae', 3, '821.63', 'summer', 3);
INSERT INTO `item` (`id`, `item_name`, `suitable_for_rent`, `cost`, `season`, `place_of_rent_id`) VALUES ('352', 'velit', 8, '3246819.00', 'all', 4);
INSERT INTO `item` (`id`, `item_name`, `suitable_for_rent`, `cost`, `season`, `place_of_rent_id`) VALUES ('353', 'qui', 9, '14773.00', 'winter', 5);
INSERT INTO `item` (`id`, `item_name`, `suitable_for_rent`, `cost`, `season`, `place_of_rent_id`) VALUES ('354', 'quo', 2, '64383359.24', 'winter', 6);
INSERT INTO `item` (`id`, `item_name`, `suitable_for_rent`, `cost`, `season`, `place_of_rent_id`) VALUES ('355', 'dicta', 5, '0.00', 'all', 7);
INSERT INTO `item` (`id`, `item_name`, `suitable_for_rent`, `cost`, `season`, `place_of_rent_id`) VALUES ('356', 'explicabo', 6, '1.19', 'winter', 8);
INSERT INTO `item` (`id`, `item_name`, `suitable_for_rent`, `cost`, `season`, `place_of_rent_id`) VALUES ('357', 'quia', 3, '0.00', 'winter', 9);
INSERT INTO `item` (`id`, `item_name`, `suitable_for_rent`, `cost`, `season`, `place_of_rent_id`) VALUES ('358', 'ex', 2, '560.98', 'winter', 10);
INSERT INTO `item` (`id`, `item_name`, `suitable_for_rent`, `cost`, `season`, `place_of_rent_id`) VALUES ('359', 'sapiente', 5, '2089441.49', 'summer', 11);
INSERT INTO `item` (`id`, `item_name`, `suitable_for_rent`, `cost`, `season`, `place_of_rent_id`) VALUES ('360', 'consequuntur', 1, '17408.96', 'summer', 12);
INSERT INTO `item` (`id`, `item_name`, `suitable_for_rent`, `cost`, `season`, `place_of_rent_id`) VALUES ('361', 'modi', 2, '2032.10', 'all', 1);
INSERT INTO `item` (`id`, `item_name`, `suitable_for_rent`, `cost`, `season`, `place_of_rent_id`) VALUES ('362', 'quia', 5, '144586.80', 'summer', 2);
INSERT INTO `item` (`id`, `item_name`, `suitable_for_rent`, `cost`, `season`, `place_of_rent_id`) VALUES ('363', 'tempore', 1, '17624.74', 'winter', 3);
INSERT INTO `item` (`id`, `item_name`, `suitable_for_rent`, `cost`, `season`, `place_of_rent_id`) VALUES ('364', 'laborum', 2, '34.38', 'all', 4);
INSERT INTO `item` (`id`, `item_name`, `suitable_for_rent`, `cost`, `season`, `place_of_rent_id`) VALUES ('365', 'consequuntur', 9, '145495.65', 'summer', 5);
INSERT INTO `item` (`id`, `item_name`, `suitable_for_rent`, `cost`, `season`, `place_of_rent_id`) VALUES ('366', 'facilis', 9, '2.00', 'summer', 6);
INSERT INTO `item` (`id`, `item_name`, `suitable_for_rent`, `cost`, `season`, `place_of_rent_id`) VALUES ('367', 'qui', 2, '117839.76', 'winter', 7);
INSERT INTO `item` (`id`, `item_name`, `suitable_for_rent`, `cost`, `season`, `place_of_rent_id`) VALUES ('368', 'similique', 4, '19363.90', 'winter', 8);
INSERT INTO `item` (`id`, `item_name`, `suitable_for_rent`, `cost`, `season`, `place_of_rent_id`) VALUES ('369', 'eaque', 9, '438887.90', 'all', 9);
INSERT INTO `item` (`id`, `item_name`, `suitable_for_rent`, `cost`, `season`, `place_of_rent_id`) VALUES ('370', 'aperiam', 3, '0.00', 'winter', 10);
INSERT INTO `item` (`id`, `item_name`, `suitable_for_rent`, `cost`, `season`, `place_of_rent_id`) VALUES ('371', 'quia', 9, '5.31', 'summer', 11);
INSERT INTO `item` (`id`, `item_name`, `suitable_for_rent`, `cost`, `season`, `place_of_rent_id`) VALUES ('372', 'iusto', 2, '66.52', 'winter', 12);
INSERT INTO `item` (`id`, `item_name`, `suitable_for_rent`, `cost`, `season`, `place_of_rent_id`) VALUES ('373', 'omnis', 3, '34921.79', 'winter', 1);
INSERT INTO `item` (`id`, `item_name`, `suitable_for_rent`, `cost`, `season`, `place_of_rent_id`) VALUES ('374', 'ducimus', 4, '3779003.81', 'summer', 2);
INSERT INTO `item` (`id`, `item_name`, `suitable_for_rent`, `cost`, `season`, `place_of_rent_id`) VALUES ('375', 'sed', 8, '77812018.85', 'winter', 3);
INSERT INTO `item` (`id`, `item_name`, `suitable_for_rent`, `cost`, `season`, `place_of_rent_id`) VALUES ('376', 'sequi', 6, '2610.00', 'winter', 4);
INSERT INTO `item` (`id`, `item_name`, `suitable_for_rent`, `cost`, `season`, `place_of_rent_id`) VALUES ('377', 'quaerat', 6, '0.00', 'winter', 5);
INSERT INTO `item` (`id`, `item_name`, `suitable_for_rent`, `cost`, `season`, `place_of_rent_id`) VALUES ('378', 'iure', 7, '0.00', 'all', 6);
INSERT INTO `item` (`id`, `item_name`, `suitable_for_rent`, `cost`, `season`, `place_of_rent_id`) VALUES ('379', 'exercitationem', 1, '8.22', 'summer', 7);
INSERT INTO `item` (`id`, `item_name`, `suitable_for_rent`, `cost`, `season`, `place_of_rent_id`) VALUES ('380', 'suscipit', 9, '41127.59', 'summer', 8);
INSERT INTO `item` (`id`, `item_name`, `suitable_for_rent`, `cost`, `season`, `place_of_rent_id`) VALUES ('381', 'voluptatem', 2, '6761040.10', 'all', 9);
INSERT INTO `item` (`id`, `item_name`, `suitable_for_rent`, `cost`, `season`, `place_of_rent_id`) VALUES ('382', 'repellendus', 9, '0.00', 'all', 10);
INSERT INTO `item` (`id`, `item_name`, `suitable_for_rent`, `cost`, `season`, `place_of_rent_id`) VALUES ('383', 'consequatur', 7, '1.09', 'summer', 11);
INSERT INTO `item` (`id`, `item_name`, `suitable_for_rent`, `cost`, `season`, `place_of_rent_id`) VALUES ('384', 'dolor', 7, '80760.20', 'winter', 12);
INSERT INTO `item` (`id`, `item_name`, `suitable_for_rent`, `cost`, `season`, `place_of_rent_id`) VALUES ('385', 'quis', 3, '44539.95', 'winter', 1);
INSERT INTO `item` (`id`, `item_name`, `suitable_for_rent`, `cost`, `season`, `place_of_rent_id`) VALUES ('386', 'totam', 4, '35.06', 'summer', 2);
INSERT INTO `item` (`id`, `item_name`, `suitable_for_rent`, `cost`, `season`, `place_of_rent_id`) VALUES ('387', 'perspiciatis', 3, '6749.60', 'winter', 3);
INSERT INTO `item` (`id`, `item_name`, `suitable_for_rent`, `cost`, `season`, `place_of_rent_id`) VALUES ('388', 'ut', 1, '3109257.00', 'winter', 4);
INSERT INTO `item` (`id`, `item_name`, `suitable_for_rent`, `cost`, `season`, `place_of_rent_id`) VALUES ('389', 'amet', 7, '12123808.30', 'winter', 5);
INSERT INTO `item` (`id`, `item_name`, `suitable_for_rent`, `cost`, `season`, `place_of_rent_id`) VALUES ('390', 'reprehenderit', 9, '20722.75', 'winter', 6);
INSERT INTO `item` (`id`, `item_name`, `suitable_for_rent`, `cost`, `season`, `place_of_rent_id`) VALUES ('391', 'quos', 7, '0.00', 'all', 7);
INSERT INTO `item` (`id`, `item_name`, `suitable_for_rent`, `cost`, `season`, `place_of_rent_id`) VALUES ('392', 'sunt', 3, '7549.07', 'summer', 8);
INSERT INTO `item` (`id`, `item_name`, `suitable_for_rent`, `cost`, `season`, `place_of_rent_id`) VALUES ('393', 'in', 3, '0.00', 'winter', 9);
INSERT INTO `item` (`id`, `item_name`, `suitable_for_rent`, `cost`, `season`, `place_of_rent_id`) VALUES ('394', 'accusantium', 2, '0.00', 'summer', 10);
INSERT INTO `item` (`id`, `item_name`, `suitable_for_rent`, `cost`, `season`, `place_of_rent_id`) VALUES ('395', 'id', 4, '5.62', 'winter', 11);
INSERT INTO `item` (`id`, `item_name`, `suitable_for_rent`, `cost`, `season`, `place_of_rent_id`) VALUES ('396', 'magnam', 5, '3536521.49', 'winter', 12);
INSERT INTO `item` (`id`, `item_name`, `suitable_for_rent`, `cost`, `season`, `place_of_rent_id`) VALUES ('397', 'dolor', 9, '65442125.71', 'all', 1);
INSERT INTO `item` (`id`, `item_name`, `suitable_for_rent`, `cost`, `season`, `place_of_rent_id`) VALUES ('398', 'ea', 5, '49.55', 'all', 2);
INSERT INTO `item` (`id`, `item_name`, `suitable_for_rent`, `cost`, `season`, `place_of_rent_id`) VALUES ('399', 'quos', 9, '0.46', 'all', 3);
INSERT INTO `item` (`id`, `item_name`, `suitable_for_rent`, `cost`, `season`, `place_of_rent_id`) VALUES ('400', 'ut', 2, '315565.19', 'summer', 4);
INSERT INTO `item` (`id`, `item_name`, `suitable_for_rent`, `cost`, `season`, `place_of_rent_id`) VALUES ('401', 'qui', 5, '911790.22', 'all', 5);
INSERT INTO `item` (`id`, `item_name`, `suitable_for_rent`, `cost`, `season`, `place_of_rent_id`) VALUES ('402', 'explicabo', 9, '8793.90', 'winter', 6);
INSERT INTO `item` (`id`, `item_name`, `suitable_for_rent`, `cost`, `season`, `place_of_rent_id`) VALUES ('403', 'sed', 7, '23092.03', 'summer', 7);
INSERT INTO `item` (`id`, `item_name`, `suitable_for_rent`, `cost`, `season`, `place_of_rent_id`) VALUES ('404', 'aut', 8, '0.81', 'all', 8);
INSERT INTO `item` (`id`, `item_name`, `suitable_for_rent`, `cost`, `season`, `place_of_rent_id`) VALUES ('405', 'voluptatem', 4, '66971.72', 'all', 9);
INSERT INTO `item` (`id`, `item_name`, `suitable_for_rent`, `cost`, `season`, `place_of_rent_id`) VALUES ('406', 'omnis', 4, '21.64', 'all', 10);
INSERT INTO `item` (`id`, `item_name`, `suitable_for_rent`, `cost`, `season`, `place_of_rent_id`) VALUES ('407', 'sint', 9, '57086348.35', 'winter', 11);
INSERT INTO `item` (`id`, `item_name`, `suitable_for_rent`, `cost`, `season`, `place_of_rent_id`) VALUES ('408', 'nihil', 1, '56254.00', 'summer', 12);
INSERT INTO `item` (`id`, `item_name`, `suitable_for_rent`, `cost`, `season`, `place_of_rent_id`) VALUES ('409', 'explicabo', 8, '99999999.99', 'all', 1);
INSERT INTO `item` (`id`, `item_name`, `suitable_for_rent`, `cost`, `season`, `place_of_rent_id`) VALUES ('410', 'quisquam', 9, '19788.24', 'winter', 2);
INSERT INTO `item` (`id`, `item_name`, `suitable_for_rent`, `cost`, `season`, `place_of_rent_id`) VALUES ('411', 'eveniet', 8, '1989907.50', 'winter', 3);
INSERT INTO `item` (`id`, `item_name`, `suitable_for_rent`, `cost`, `season`, `place_of_rent_id`) VALUES ('412', 'reprehenderit', 8, '14273801.10', 'summer', 4);
INSERT INTO `item` (`id`, `item_name`, `suitable_for_rent`, `cost`, `season`, `place_of_rent_id`) VALUES ('413', 'quibusdam', 7, '242896.00', 'all', 5);
INSERT INTO `item` (`id`, `item_name`, `suitable_for_rent`, `cost`, `season`, `place_of_rent_id`) VALUES ('414', 'fugiat', 0, '99999999.99', 'all', 6);
INSERT INTO `item` (`id`, `item_name`, `suitable_for_rent`, `cost`, `season`, `place_of_rent_id`) VALUES ('415', 'occaecati', 2, '20583553.81', 'all', 7);
INSERT INTO `item` (`id`, `item_name`, `suitable_for_rent`, `cost`, `season`, `place_of_rent_id`) VALUES ('416', 'veritatis', 3, '5601084.10', 'summer', 8);
INSERT INTO `item` (`id`, `item_name`, `suitable_for_rent`, `cost`, `season`, `place_of_rent_id`) VALUES ('417', 'consequatur', 7, '11.60', 'summer', 9);
INSERT INTO `item` (`id`, `item_name`, `suitable_for_rent`, `cost`, `season`, `place_of_rent_id`) VALUES ('418', 'qui', 6, '422.10', 'winter', 10);
INSERT INTO `item` (`id`, `item_name`, `suitable_for_rent`, `cost`, `season`, `place_of_rent_id`) VALUES ('419', 'voluptatum', 4, '1.60', 'summer', 11);
INSERT INTO `item` (`id`, `item_name`, `suitable_for_rent`, `cost`, `season`, `place_of_rent_id`) VALUES ('420', 'voluptas', 3, '10277.30', 'all', 12);
INSERT INTO `item` (`id`, `item_name`, `suitable_for_rent`, `cost`, `season`, `place_of_rent_id`) VALUES ('421', 'ipsum', 0, '99999999.99', 'summer', 1);
INSERT INTO `item` (`id`, `item_name`, `suitable_for_rent`, `cost`, `season`, `place_of_rent_id`) VALUES ('422', 'explicabo', 6, '0.00', 'all', 2);
INSERT INTO `item` (`id`, `item_name`, `suitable_for_rent`, `cost`, `season`, `place_of_rent_id`) VALUES ('423', 'asperiores', 8, '337052.70', 'winter', 3);
INSERT INTO `item` (`id`, `item_name`, `suitable_for_rent`, `cost`, `season`, `place_of_rent_id`) VALUES ('424', 'sit', 4, '184261.25', 'all', 4);
INSERT INTO `item` (`id`, `item_name`, `suitable_for_rent`, `cost`, `season`, `place_of_rent_id`) VALUES ('425', 'consequatur', 3, '1.80', 'summer', 5);
INSERT INTO `item` (`id`, `item_name`, `suitable_for_rent`, `cost`, `season`, `place_of_rent_id`) VALUES ('426', 'eius', 5, '20752845.69', 'winter', 6);
INSERT INTO `item` (`id`, `item_name`, `suitable_for_rent`, `cost`, `season`, `place_of_rent_id`) VALUES ('427', 'debitis', 9, '2996.79', 'winter', 7);
INSERT INTO `item` (`id`, `item_name`, `suitable_for_rent`, `cost`, `season`, `place_of_rent_id`) VALUES ('428', 'ut', 1, '1.55', 'summer', 8);
INSERT INTO `item` (`id`, `item_name`, `suitable_for_rent`, `cost`, `season`, `place_of_rent_id`) VALUES ('429', 'eius', 1, '23309906.55', 'summer', 9);
INSERT INTO `item` (`id`, `item_name`, `suitable_for_rent`, `cost`, `season`, `place_of_rent_id`) VALUES ('430', 'mollitia', 3, '259.32', 'all', 10);
INSERT INTO `item` (`id`, `item_name`, `suitable_for_rent`, `cost`, `season`, `place_of_rent_id`) VALUES ('431', 'occaecati', 6, '2.30', 'summer', 11);
INSERT INTO `item` (`id`, `item_name`, `suitable_for_rent`, `cost`, `season`, `place_of_rent_id`) VALUES ('432', 'occaecati', 6, '1476.50', 'summer', 12);
INSERT INTO `item` (`id`, `item_name`, `suitable_for_rent`, `cost`, `season`, `place_of_rent_id`) VALUES ('433', 'nemo', 2, '0.00', 'winter', 1);
INSERT INTO `item` (`id`, `item_name`, `suitable_for_rent`, `cost`, `season`, `place_of_rent_id`) VALUES ('434', 'voluptatem', 0, '36763.57', 'summer', 2);
INSERT INTO `item` (`id`, `item_name`, `suitable_for_rent`, `cost`, `season`, `place_of_rent_id`) VALUES ('435', 'non', 0, '99999999.99', 'winter', 3);
INSERT INTO `item` (`id`, `item_name`, `suitable_for_rent`, `cost`, `season`, `place_of_rent_id`) VALUES ('436', 'distinctio', 6, '99999999.99', 'all', 4);
INSERT INTO `item` (`id`, `item_name`, `suitable_for_rent`, `cost`, `season`, `place_of_rent_id`) VALUES ('437', 'eveniet', 9, '12692674.71', 'winter', 5);
INSERT INTO `item` (`id`, `item_name`, `suitable_for_rent`, `cost`, `season`, `place_of_rent_id`) VALUES ('438', 'placeat', 2, '600.13', 'summer', 6);
INSERT INTO `item` (`id`, `item_name`, `suitable_for_rent`, `cost`, `season`, `place_of_rent_id`) VALUES ('439', 'unde', 8, '99999999.99', 'summer', 7);
INSERT INTO `item` (`id`, `item_name`, `suitable_for_rent`, `cost`, `season`, `place_of_rent_id`) VALUES ('440', 'repudiandae', 3, '22736.34', 'all', 8);
INSERT INTO `item` (`id`, `item_name`, `suitable_for_rent`, `cost`, `season`, `place_of_rent_id`) VALUES ('441', 'qui', 8, '4351.32', 'winter', 9);
INSERT INTO `item` (`id`, `item_name`, `suitable_for_rent`, `cost`, `season`, `place_of_rent_id`) VALUES ('442', 'nulla', 3, '0.00', 'winter', 10);
INSERT INTO `item` (`id`, `item_name`, `suitable_for_rent`, `cost`, `season`, `place_of_rent_id`) VALUES ('443', 'ad', 9, '99999999.99', 'winter', 11);
INSERT INTO `item` (`id`, `item_name`, `suitable_for_rent`, `cost`, `season`, `place_of_rent_id`) VALUES ('444', 'quia', 4, '27678273.00', 'winter', 12);
INSERT INTO `item` (`id`, `item_name`, `suitable_for_rent`, `cost`, `season`, `place_of_rent_id`) VALUES ('445', 'incidunt', 2, '99999999.99', 'summer', 1);
INSERT INTO `item` (`id`, `item_name`, `suitable_for_rent`, `cost`, `season`, `place_of_rent_id`) VALUES ('446', 'vitae', 5, '99999999.99', 'summer', 2);
INSERT INTO `item` (`id`, `item_name`, `suitable_for_rent`, `cost`, `season`, `place_of_rent_id`) VALUES ('447', 'eveniet', 4, '38.00', 'all', 3);
INSERT INTO `item` (`id`, `item_name`, `suitable_for_rent`, `cost`, `season`, `place_of_rent_id`) VALUES ('448', 'vel', 8, '3107125.38', 'winter', 4);
INSERT INTO `item` (`id`, `item_name`, `suitable_for_rent`, `cost`, `season`, `place_of_rent_id`) VALUES ('449', 'repudiandae', 3, '11.50', 'winter', 5);
INSERT INTO `item` (`id`, `item_name`, `suitable_for_rent`, `cost`, `season`, `place_of_rent_id`) VALUES ('450', 'expedita', 8, '83947.45', 'winter', 6);
INSERT INTO `item` (`id`, `item_name`, `suitable_for_rent`, `cost`, `season`, `place_of_rent_id`) VALUES ('451', 'culpa', 9, '92933.07', 'all', 7);
INSERT INTO `item` (`id`, `item_name`, `suitable_for_rent`, `cost`, `season`, `place_of_rent_id`) VALUES ('452', 'soluta', 2, '56202352.71', 'summer', 8);
INSERT INTO `item` (`id`, `item_name`, `suitable_for_rent`, `cost`, `season`, `place_of_rent_id`) VALUES ('453', 'ut', 7, '1427.53', 'summer', 9);
INSERT INTO `item` (`id`, `item_name`, `suitable_for_rent`, `cost`, `season`, `place_of_rent_id`) VALUES ('454', 'est', 6, '1347371.98', 'all', 10);
INSERT INTO `item` (`id`, `item_name`, `suitable_for_rent`, `cost`, `season`, `place_of_rent_id`) VALUES ('455', 'eligendi', 3, '245.00', 'all', 11);
INSERT INTO `item` (`id`, `item_name`, `suitable_for_rent`, `cost`, `season`, `place_of_rent_id`) VALUES ('456', 'quas', 2, '3.68', 'summer', 12);
INSERT INTO `item` (`id`, `item_name`, `suitable_for_rent`, `cost`, `season`, `place_of_rent_id`) VALUES ('457', 'quisquam', 1, '99999999.99', 'all', 1);
INSERT INTO `item` (`id`, `item_name`, `suitable_for_rent`, `cost`, `season`, `place_of_rent_id`) VALUES ('458', 'at', 3, '378.80', 'summer', 2);
INSERT INTO `item` (`id`, `item_name`, `suitable_for_rent`, `cost`, `season`, `place_of_rent_id`) VALUES ('459', 'quas', 8, '3634442.64', 'winter', 3);
INSERT INTO `item` (`id`, `item_name`, `suitable_for_rent`, `cost`, `season`, `place_of_rent_id`) VALUES ('460', 'et', 6, '0.37', 'summer', 4);
INSERT INTO `item` (`id`, `item_name`, `suitable_for_rent`, `cost`, `season`, `place_of_rent_id`) VALUES ('461', 'assumenda', 7, '23602.00', 'all', 5);
INSERT INTO `item` (`id`, `item_name`, `suitable_for_rent`, `cost`, `season`, `place_of_rent_id`) VALUES ('462', 'ut', 4, '370750.38', 'all', 6);
INSERT INTO `item` (`id`, `item_name`, `suitable_for_rent`, `cost`, `season`, `place_of_rent_id`) VALUES ('463', 'non', 4, '228184.47', 'summer', 7);
INSERT INTO `item` (`id`, `item_name`, `suitable_for_rent`, `cost`, `season`, `place_of_rent_id`) VALUES ('464', 'corporis', 3, '20.18', 'summer', 8);
INSERT INTO `item` (`id`, `item_name`, `suitable_for_rent`, `cost`, `season`, `place_of_rent_id`) VALUES ('465', 'temporibus', 4, '32059264.22', 'all', 9);
INSERT INTO `item` (`id`, `item_name`, `suitable_for_rent`, `cost`, `season`, `place_of_rent_id`) VALUES ('466', 'in', 6, '25932635.32', 'all', 10);
INSERT INTO `item` (`id`, `item_name`, `suitable_for_rent`, `cost`, `season`, `place_of_rent_id`) VALUES ('467', 'eos', 3, '8179.90', 'all', 11);
INSERT INTO `item` (`id`, `item_name`, `suitable_for_rent`, `cost`, `season`, `place_of_rent_id`) VALUES ('468', 'aut', 4, '22702.93', 'summer', 12);
INSERT INTO `item` (`id`, `item_name`, `suitable_for_rent`, `cost`, `season`, `place_of_rent_id`) VALUES ('469', 'nihil', 9, '27424581.20', 'summer', 1);
INSERT INTO `item` (`id`, `item_name`, `suitable_for_rent`, `cost`, `season`, `place_of_rent_id`) VALUES ('470', 'et', 3, '0.05', 'winter', 2);
INSERT INTO `item` (`id`, `item_name`, `suitable_for_rent`, `cost`, `season`, `place_of_rent_id`) VALUES ('471', 'accusamus', 3, '50188092.59', 'winter', 3);
INSERT INTO `item` (`id`, `item_name`, `suitable_for_rent`, `cost`, `season`, `place_of_rent_id`) VALUES ('472', 'voluptas', 1, '99999999.99', 'winter', 4);
INSERT INTO `item` (`id`, `item_name`, `suitable_for_rent`, `cost`, `season`, `place_of_rent_id`) VALUES ('473', 'quas', 4, '240298.00', 'all', 5);
INSERT INTO `item` (`id`, `item_name`, `suitable_for_rent`, `cost`, `season`, `place_of_rent_id`) VALUES ('474', 'mollitia', 2, '0.00', 'all', 6);
INSERT INTO `item` (`id`, `item_name`, `suitable_for_rent`, `cost`, `season`, `place_of_rent_id`) VALUES ('475', 'voluptate', 6, '426.90', 'all', 7);
INSERT INTO `item` (`id`, `item_name`, `suitable_for_rent`, `cost`, `season`, `place_of_rent_id`) VALUES ('476', 'est', 2, '4277.13', 'summer', 8);
INSERT INTO `item` (`id`, `item_name`, `suitable_for_rent`, `cost`, `season`, `place_of_rent_id`) VALUES ('477', 'qui', 0, '99999999.99', 'summer', 9);
INSERT INTO `item` (`id`, `item_name`, `suitable_for_rent`, `cost`, `season`, `place_of_rent_id`) VALUES ('478', 'est', 4, '597392.29', 'all', 10);
INSERT INTO `item` (`id`, `item_name`, `suitable_for_rent`, `cost`, `season`, `place_of_rent_id`) VALUES ('479', 'soluta', 4, '743.25', 'all', 11);
INSERT INTO `item` (`id`, `item_name`, `suitable_for_rent`, `cost`, `season`, `place_of_rent_id`) VALUES ('480', 'sequi', 2, '33.09', 'all', 12);
INSERT INTO `item` (`id`, `item_name`, `suitable_for_rent`, `cost`, `season`, `place_of_rent_id`) VALUES ('481', 'et', 4, '205.97', 'winter', 1);
INSERT INTO `item` (`id`, `item_name`, `suitable_for_rent`, `cost`, `season`, `place_of_rent_id`) VALUES ('482', 'reprehenderit', 2, '0.91', 'summer', 2);
INSERT INTO `item` (`id`, `item_name`, `suitable_for_rent`, `cost`, `season`, `place_of_rent_id`) VALUES ('483', 'fugit', 3, '7197.18', 'summer', 3);
INSERT INTO `item` (`id`, `item_name`, `suitable_for_rent`, `cost`, `season`, `place_of_rent_id`) VALUES ('484', 'saepe', 4, '29370610.42', 'all', 4);
INSERT INTO `item` (`id`, `item_name`, `suitable_for_rent`, `cost`, `season`, `place_of_rent_id`) VALUES ('485', 'et', 6, '21342.48', 'summer', 5);
INSERT INTO `item` (`id`, `item_name`, `suitable_for_rent`, `cost`, `season`, `place_of_rent_id`) VALUES ('486', 'nihil', 3, '264.53', 'all', 6);
INSERT INTO `item` (`id`, `item_name`, `suitable_for_rent`, `cost`, `season`, `place_of_rent_id`) VALUES ('487', 'harum', 7, '3.74', 'winter', 7);
INSERT INTO `item` (`id`, `item_name`, `suitable_for_rent`, `cost`, `season`, `place_of_rent_id`) VALUES ('488', 'ex', 9, '99999999.99', 'summer', 8);
INSERT INTO `item` (`id`, `item_name`, `suitable_for_rent`, `cost`, `season`, `place_of_rent_id`) VALUES ('489', 'eaque', 1, '24145.55', 'summer', 9);
INSERT INTO `item` (`id`, `item_name`, `suitable_for_rent`, `cost`, `season`, `place_of_rent_id`) VALUES ('490', 'et', 1, '465621.50', 'summer', 10);
INSERT INTO `item` (`id`, `item_name`, `suitable_for_rent`, `cost`, `season`, `place_of_rent_id`) VALUES ('491', 'iure', 8, '6.37', 'all', 11);
INSERT INTO `item` (`id`, `item_name`, `suitable_for_rent`, `cost`, `season`, `place_of_rent_id`) VALUES ('492', 'repellat', 6, '30.02', 'summer', 12);
INSERT INTO `item` (`id`, `item_name`, `suitable_for_rent`, `cost`, `season`, `place_of_rent_id`) VALUES ('493', 'ducimus', 5, '0.00', 'all', 1);
INSERT INTO `item` (`id`, `item_name`, `suitable_for_rent`, `cost`, `season`, `place_of_rent_id`) VALUES ('494', 'illo', 9, '934045.15', 'summer', 2);
INSERT INTO `item` (`id`, `item_name`, `suitable_for_rent`, `cost`, `season`, `place_of_rent_id`) VALUES ('495', 'voluptate', 8, '0.00', 'summer', 3);
INSERT INTO `item` (`id`, `item_name`, `suitable_for_rent`, `cost`, `season`, `place_of_rent_id`) VALUES ('496', 'minus', 4, '43.64', 'summer', 4);
INSERT INTO `item` (`id`, `item_name`, `suitable_for_rent`, `cost`, `season`, `place_of_rent_id`) VALUES ('497', 'itaque', 3, '37.54', 'summer', 5);
INSERT INTO `item` (`id`, `item_name`, `suitable_for_rent`, `cost`, `season`, `place_of_rent_id`) VALUES ('498', 'perspiciatis', 2, '29450.53', 'summer', 6);
INSERT INTO `item` (`id`, `item_name`, `suitable_for_rent`, `cost`, `season`, `place_of_rent_id`) VALUES ('499', 'quisquam', 9, '7099.12', 'summer', 7);
INSERT INTO `item` (`id`, `item_name`, `suitable_for_rent`, `cost`, `season`, `place_of_rent_id`) VALUES ('500', 'autem', 6, '0.00', 'summer', 8);
INSERT INTO `item` (`id`, `item_name`, `suitable_for_rent`, `cost`, `season`, `place_of_rent_id`) VALUES ('501', 'pariatur', 5, '40250538.94', 'summer', 9);
INSERT INTO `item` (`id`, `item_name`, `suitable_for_rent`, `cost`, `season`, `place_of_rent_id`) VALUES ('502', 'aut', 3, '28.43', 'winter', 10);
INSERT INTO `item` (`id`, `item_name`, `suitable_for_rent`, `cost`, `season`, `place_of_rent_id`) VALUES ('503', 'at', 0, '360.00', 'winter', 11);
INSERT INTO `item` (`id`, `item_name`, `suitable_for_rent`, `cost`, `season`, `place_of_rent_id`) VALUES ('504', 'molestiae', 4, '883.26', 'all', 12);
INSERT INTO `item` (`id`, `item_name`, `suitable_for_rent`, `cost`, `season`, `place_of_rent_id`) VALUES ('505', 'dolore', 2, '570.01', 'winter', 1);
INSERT INTO `item` (`id`, `item_name`, `suitable_for_rent`, `cost`, `season`, `place_of_rent_id`) VALUES ('506', 'quae', 2, '38690630.35', 'all', 2);
INSERT INTO `item` (`id`, `item_name`, `suitable_for_rent`, `cost`, `season`, `place_of_rent_id`) VALUES ('507', 'ducimus', 2, '289067.59', 'winter', 3);
INSERT INTO `item` (`id`, `item_name`, `suitable_for_rent`, `cost`, `season`, `place_of_rent_id`) VALUES ('508', 'eligendi', 8, '3594.65', 'winter', 4);
INSERT INTO `item` (`id`, `item_name`, `suitable_for_rent`, `cost`, `season`, `place_of_rent_id`) VALUES ('509', 'ea', 2, '3113915.97', 'winter', 5);
INSERT INTO `item` (`id`, `item_name`, `suitable_for_rent`, `cost`, `season`, `place_of_rent_id`) VALUES ('510', 'sint', 6, '1973.25', 'all', 6);
INSERT INTO `item` (`id`, `item_name`, `suitable_for_rent`, `cost`, `season`, `place_of_rent_id`) VALUES ('511', 'atque', 5, '0.00', 'summer', 7);
INSERT INTO `item` (`id`, `item_name`, `suitable_for_rent`, `cost`, `season`, `place_of_rent_id`) VALUES ('512', 'pariatur', 1, '2668.30', 'winter', 8);
INSERT INTO `item` (`id`, `item_name`, `suitable_for_rent`, `cost`, `season`, `place_of_rent_id`) VALUES ('513', 'sed', 8, '3234.51', 'all', 9);
INSERT INTO `item` (`id`, `item_name`, `suitable_for_rent`, `cost`, `season`, `place_of_rent_id`) VALUES ('514', 'nobis', 5, '1641654.95', 'winter', 10);
INSERT INTO `item` (`id`, `item_name`, `suitable_for_rent`, `cost`, `season`, `place_of_rent_id`) VALUES ('515', 'laudantium', 5, '19101.82', 'winter', 11);
INSERT INTO `item` (`id`, `item_name`, `suitable_for_rent`, `cost`, `season`, `place_of_rent_id`) VALUES ('516', 'et', 7, '99999999.99', 'summer', 12);
INSERT INTO `item` (`id`, `item_name`, `suitable_for_rent`, `cost`, `season`, `place_of_rent_id`) VALUES ('517', 'deleniti', 6, '0.00', 'winter', 1);
INSERT INTO `item` (`id`, `item_name`, `suitable_for_rent`, `cost`, `season`, `place_of_rent_id`) VALUES ('518', 'quia', 8, '0.00', 'summer', 2);
INSERT INTO `item` (`id`, `item_name`, `suitable_for_rent`, `cost`, `season`, `place_of_rent_id`) VALUES ('519', 'voluptate', 1, '6069567.77', 'winter', 3);
INSERT INTO `item` (`id`, `item_name`, `suitable_for_rent`, `cost`, `season`, `place_of_rent_id`) VALUES ('520', 'occaecati', 6, '4698.03', 'all', 4);
INSERT INTO `item` (`id`, `item_name`, `suitable_for_rent`, `cost`, `season`, `place_of_rent_id`) VALUES ('521', 'facere', 2, '292890.28', 'all', 5);
INSERT INTO `item` (`id`, `item_name`, `suitable_for_rent`, `cost`, `season`, `place_of_rent_id`) VALUES ('522', 'culpa', 5, '93116957.76', 'summer', 6);
INSERT INTO `item` (`id`, `item_name`, `suitable_for_rent`, `cost`, `season`, `place_of_rent_id`) VALUES ('523', 'numquam', 7, '0.00', 'summer', 7);
INSERT INTO `item` (`id`, `item_name`, `suitable_for_rent`, `cost`, `season`, `place_of_rent_id`) VALUES ('524', 'vitae', 0, '31208.32', 'winter', 8);
INSERT INTO `item` (`id`, `item_name`, `suitable_for_rent`, `cost`, `season`, `place_of_rent_id`) VALUES ('525', 'repellendus', 1, '27.04', 'summer', 9);
INSERT INTO `item` (`id`, `item_name`, `suitable_for_rent`, `cost`, `season`, `place_of_rent_id`) VALUES ('526', 'vel', 5, '55.54', 'winter', 10);
INSERT INTO `item` (`id`, `item_name`, `suitable_for_rent`, `cost`, `season`, `place_of_rent_id`) VALUES ('527', 'vero', 3, '4240999.70', 'all', 11);
INSERT INTO `item` (`id`, `item_name`, `suitable_for_rent`, `cost`, `season`, `place_of_rent_id`) VALUES ('528', 'ullam', 1, '30851.21', 'winter', 12);
INSERT INTO `item` (`id`, `item_name`, `suitable_for_rent`, `cost`, `season`, `place_of_rent_id`) VALUES ('529', 'sit', 4, '326627.00', 'summer', 1);
INSERT INTO `item` (`id`, `item_name`, `suitable_for_rent`, `cost`, `season`, `place_of_rent_id`) VALUES ('530', 'dolorum', 3, '3256522.87', 'all', 2);
INSERT INTO `item` (`id`, `item_name`, `suitable_for_rent`, `cost`, `season`, `place_of_rent_id`) VALUES ('531', 'laboriosam', 3, '4586.31', 'winter', 3);
INSERT INTO `item` (`id`, `item_name`, `suitable_for_rent`, `cost`, `season`, `place_of_rent_id`) VALUES ('532', 'tempora', 5, '14277.39', 'all', 4);
INSERT INTO `item` (`id`, `item_name`, `suitable_for_rent`, `cost`, `season`, `place_of_rent_id`) VALUES ('533', 'totam', 6, '136032.56', 'winter', 5);
INSERT INTO `item` (`id`, `item_name`, `suitable_for_rent`, `cost`, `season`, `place_of_rent_id`) VALUES ('534', 'quibusdam', 9, '7052775.49', 'summer', 6);
INSERT INTO `item` (`id`, `item_name`, `suitable_for_rent`, `cost`, `season`, `place_of_rent_id`) VALUES ('535', 'qui', 4, '5966050.87', 'winter', 7);
INSERT INTO `item` (`id`, `item_name`, `suitable_for_rent`, `cost`, `season`, `place_of_rent_id`) VALUES ('536', 'qui', 5, '2327.99', 'all', 8);
INSERT INTO `item` (`id`, `item_name`, `suitable_for_rent`, `cost`, `season`, `place_of_rent_id`) VALUES ('537', 'est', 8, '99999999.99', 'summer', 9);
INSERT INTO `item` (`id`, `item_name`, `suitable_for_rent`, `cost`, `season`, `place_of_rent_id`) VALUES ('538', 'voluptas', 3, '17.77', 'summer', 10);
INSERT INTO `item` (`id`, `item_name`, `suitable_for_rent`, `cost`, `season`, `place_of_rent_id`) VALUES ('539', 'alias', 2, '99999999.99', 'winter', 11);
INSERT INTO `item` (`id`, `item_name`, `suitable_for_rent`, `cost`, `season`, `place_of_rent_id`) VALUES ('540', 'porro', 2, '4112.94', 'summer', 12);
INSERT INTO `item` (`id`, `item_name`, `suitable_for_rent`, `cost`, `season`, `place_of_rent_id`) VALUES ('541', 'architecto', 4, '99999999.99', 'all', 1);
INSERT INTO `item` (`id`, `item_name`, `suitable_for_rent`, `cost`, `season`, `place_of_rent_id`) VALUES ('542', 'ratione', 3, '89145.68', 'all', 2);
INSERT INTO `item` (`id`, `item_name`, `suitable_for_rent`, `cost`, `season`, `place_of_rent_id`) VALUES ('543', 'et', 2, '99999999.99', 'winter', 3);
INSERT INTO `item` (`id`, `item_name`, `suitable_for_rent`, `cost`, `season`, `place_of_rent_id`) VALUES ('544', 'ad', 3, '99999999.99', 'all', 4);
INSERT INTO `item` (`id`, `item_name`, `suitable_for_rent`, `cost`, `season`, `place_of_rent_id`) VALUES ('545', 'deleniti', 3, '2138844.21', 'winter', 5);
INSERT INTO `item` (`id`, `item_name`, `suitable_for_rent`, `cost`, `season`, `place_of_rent_id`) VALUES ('546', 'delectus', 4, '99999999.99', 'winter', 6);
INSERT INTO `item` (`id`, `item_name`, `suitable_for_rent`, `cost`, `season`, `place_of_rent_id`) VALUES ('547', 'quaerat', 8, '37.40', 'summer', 7);
INSERT INTO `item` (`id`, `item_name`, `suitable_for_rent`, `cost`, `season`, `place_of_rent_id`) VALUES ('548', 'voluptas', 1, '7373.14', 'summer', 8);
INSERT INTO `item` (`id`, `item_name`, `suitable_for_rent`, `cost`, `season`, `place_of_rent_id`) VALUES ('549', 'quas', 9, '4929.00', 'all', 9);
INSERT INTO `item` (`id`, `item_name`, `suitable_for_rent`, `cost`, `season`, `place_of_rent_id`) VALUES ('550', 'eius', 0, '1478.76', 'summer', 10);
INSERT INTO `item` (`id`, `item_name`, `suitable_for_rent`, `cost`, `season`, `place_of_rent_id`) VALUES ('551', 'id', 8, '1255591.50', 'all', 11);
INSERT INTO `item` (`id`, `item_name`, `suitable_for_rent`, `cost`, `season`, `place_of_rent_id`) VALUES ('552', 'officiis', 0, '28923.99', 'winter', 12);
INSERT INTO `item` (`id`, `item_name`, `suitable_for_rent`, `cost`, `season`, `place_of_rent_id`) VALUES ('553', 'rerum', 5, '5886.79', 'summer', 1);
INSERT INTO `item` (`id`, `item_name`, `suitable_for_rent`, `cost`, `season`, `place_of_rent_id`) VALUES ('554', 'omnis', 5, '546739.38', 'all', 2);
INSERT INTO `item` (`id`, `item_name`, `suitable_for_rent`, `cost`, `season`, `place_of_rent_id`) VALUES ('555', 'doloremque', 5, '9367.69', 'winter', 3);
INSERT INTO `item` (`id`, `item_name`, `suitable_for_rent`, `cost`, `season`, `place_of_rent_id`) VALUES ('556', 'suscipit', 2, '51.21', 'summer', 4);
INSERT INTO `item` (`id`, `item_name`, `suitable_for_rent`, `cost`, `season`, `place_of_rent_id`) VALUES ('557', 'aut', 6, '41292054.19', 'all', 5);
INSERT INTO `item` (`id`, `item_name`, `suitable_for_rent`, `cost`, `season`, `place_of_rent_id`) VALUES ('558', 'illo', 8, '99999999.99', 'all', 6);
INSERT INTO `item` (`id`, `item_name`, `suitable_for_rent`, `cost`, `season`, `place_of_rent_id`) VALUES ('559', 'quis', 5, '99999999.99', 'winter', 7);
INSERT INTO `item` (`id`, `item_name`, `suitable_for_rent`, `cost`, `season`, `place_of_rent_id`) VALUES ('560', 'culpa', 1, '28796.12', 'winter', 8);
INSERT INTO `item` (`id`, `item_name`, `suitable_for_rent`, `cost`, `season`, `place_of_rent_id`) VALUES ('561', 'quae', 6, '4528628.11', 'all', 9);
INSERT INTO `item` (`id`, `item_name`, `suitable_for_rent`, `cost`, `season`, `place_of_rent_id`) VALUES ('562', 'sequi', 0, '0.00', 'summer', 10);
INSERT INTO `item` (`id`, `item_name`, `suitable_for_rent`, `cost`, `season`, `place_of_rent_id`) VALUES ('563', 'esse', 1, '378.21', 'all', 11);
INSERT INTO `item` (`id`, `item_name`, `suitable_for_rent`, `cost`, `season`, `place_of_rent_id`) VALUES ('564', 'nostrum', 5, '108.65', 'summer', 12);
INSERT INTO `item` (`id`, `item_name`, `suitable_for_rent`, `cost`, `season`, `place_of_rent_id`) VALUES ('565', 'qui', 9, '0.00', 'winter', 1);
INSERT INTO `item` (`id`, `item_name`, `suitable_for_rent`, `cost`, `season`, `place_of_rent_id`) VALUES ('566', 'odit', 9, '0.00', 'all', 2);
INSERT INTO `item` (`id`, `item_name`, `suitable_for_rent`, `cost`, `season`, `place_of_rent_id`) VALUES ('567', 'ut', 4, '99999999.99', 'winter', 3);
INSERT INTO `item` (`id`, `item_name`, `suitable_for_rent`, `cost`, `season`, `place_of_rent_id`) VALUES ('568', 'voluptatibus', 0, '44.28', 'summer', 4);
INSERT INTO `item` (`id`, `item_name`, `suitable_for_rent`, `cost`, `season`, `place_of_rent_id`) VALUES ('569', 'quae', 3, '8705048.03', 'summer', 5);
INSERT INTO `item` (`id`, `item_name`, `suitable_for_rent`, `cost`, `season`, `place_of_rent_id`) VALUES ('570', 'nam', 8, '436.21', 'winter', 6);
INSERT INTO `item` (`id`, `item_name`, `suitable_for_rent`, `cost`, `season`, `place_of_rent_id`) VALUES ('571', 'magnam', 5, '1.01', 'all', 7);
INSERT INTO `item` (`id`, `item_name`, `suitable_for_rent`, `cost`, `season`, `place_of_rent_id`) VALUES ('572', 'nemo', 5, '7728.03', 'summer', 8);
INSERT INTO `item` (`id`, `item_name`, `suitable_for_rent`, `cost`, `season`, `place_of_rent_id`) VALUES ('573', 'ut', 8, '2.74', 'winter', 9);
INSERT INTO `item` (`id`, `item_name`, `suitable_for_rent`, `cost`, `season`, `place_of_rent_id`) VALUES ('574', 'alias', 4, '0.00', 'summer', 10);
INSERT INTO `item` (`id`, `item_name`, `suitable_for_rent`, `cost`, `season`, `place_of_rent_id`) VALUES ('575', 'aut', 1, '6046190.98', 'summer', 11);
INSERT INTO `item` (`id`, `item_name`, `suitable_for_rent`, `cost`, `season`, `place_of_rent_id`) VALUES ('576', 'dicta', 5, '15338.74', 'all', 12);
INSERT INTO `item` (`id`, `item_name`, `suitable_for_rent`, `cost`, `season`, `place_of_rent_id`) VALUES ('577', 'aut', 5, '1459003.14', 'summer', 1);
INSERT INTO `item` (`id`, `item_name`, `suitable_for_rent`, `cost`, `season`, `place_of_rent_id`) VALUES ('578', 'eum', 6, '62992.80', 'all', 2);
INSERT INTO `item` (`id`, `item_name`, `suitable_for_rent`, `cost`, `season`, `place_of_rent_id`) VALUES ('579', 'ipsum', 5, '8641760.21', 'winter', 3);
INSERT INTO `item` (`id`, `item_name`, `suitable_for_rent`, `cost`, `season`, `place_of_rent_id`) VALUES ('580', 'voluptas', 7, '0.00', 'all', 4);
INSERT INTO `item` (`id`, `item_name`, `suitable_for_rent`, `cost`, `season`, `place_of_rent_id`) VALUES ('581', 'id', 0, '99999999.99', 'all', 5);
INSERT INTO `item` (`id`, `item_name`, `suitable_for_rent`, `cost`, `season`, `place_of_rent_id`) VALUES ('582', 'dolore', 5, '733.29', 'summer', 6);
INSERT INTO `item` (`id`, `item_name`, `suitable_for_rent`, `cost`, `season`, `place_of_rent_id`) VALUES ('583', 'pariatur', 3, '625627.94', 'summer', 7);
INSERT INTO `item` (`id`, `item_name`, `suitable_for_rent`, `cost`, `season`, `place_of_rent_id`) VALUES ('584', 'neque', 2, '6220048.00', 'summer', 8);
INSERT INTO `item` (`id`, `item_name`, `suitable_for_rent`, `cost`, `season`, `place_of_rent_id`) VALUES ('585', 'sequi', 7, '398.86', 'all', 9);
INSERT INTO `item` (`id`, `item_name`, `suitable_for_rent`, `cost`, `season`, `place_of_rent_id`) VALUES ('586', 'doloremque', 7, '434.07', 'all', 10);
INSERT INTO `item` (`id`, `item_name`, `suitable_for_rent`, `cost`, `season`, `place_of_rent_id`) VALUES ('587', 'accusamus', 9, '226.04', 'winter', 11);
INSERT INTO `item` (`id`, `item_name`, `suitable_for_rent`, `cost`, `season`, `place_of_rent_id`) VALUES ('588', 'debitis', 0, '0.00', 'winter', 12);
INSERT INTO `item` (`id`, `item_name`, `suitable_for_rent`, `cost`, `season`, `place_of_rent_id`) VALUES ('589', 'dolores', 1, '24449575.39', 'all', 1);
INSERT INTO `item` (`id`, `item_name`, `suitable_for_rent`, `cost`, `season`, `place_of_rent_id`) VALUES ('590', 'est', 6, '150820.86', 'summer', 2);
INSERT INTO `item` (`id`, `item_name`, `suitable_for_rent`, `cost`, `season`, `place_of_rent_id`) VALUES ('591', 'commodi', 0, '347.24', 'winter', 3);
INSERT INTO `item` (`id`, `item_name`, `suitable_for_rent`, `cost`, `season`, `place_of_rent_id`) VALUES ('592', 'natus', 5, '0.00', 'winter', 4);
INSERT INTO `item` (`id`, `item_name`, `suitable_for_rent`, `cost`, `season`, `place_of_rent_id`) VALUES ('593', 'et', 0, '7.40', 'summer', 5);
INSERT INTO `item` (`id`, `item_name`, `suitable_for_rent`, `cost`, `season`, `place_of_rent_id`) VALUES ('594', 'quos', 9, '4.29', 'winter', 6);
INSERT INTO `item` (`id`, `item_name`, `suitable_for_rent`, `cost`, `season`, `place_of_rent_id`) VALUES ('595', 'et', 6, '570.24', 'summer', 7);
INSERT INTO `item` (`id`, `item_name`, `suitable_for_rent`, `cost`, `season`, `place_of_rent_id`) VALUES ('596', 'neque', 8, '99999999.99', 'all', 8);
INSERT INTO `item` (`id`, `item_name`, `suitable_for_rent`, `cost`, `season`, `place_of_rent_id`) VALUES ('597', 'et', 3, '0.00', 'all', 9);
INSERT INTO `item` (`id`, `item_name`, `suitable_for_rent`, `cost`, `season`, `place_of_rent_id`) VALUES ('598', 'assumenda', 6, '9187.35', 'summer', 10);
INSERT INTO `item` (`id`, `item_name`, `suitable_for_rent`, `cost`, `season`, `place_of_rent_id`) VALUES ('599', 'dignissimos', 8, '0.00', 'winter', 11);
INSERT INTO `item` (`id`, `item_name`, `suitable_for_rent`, `cost`, `season`, `place_of_rent_id`) VALUES ('600', 'aut', 5, '148759.90', 'all', 12);


#
# TABLE STRUCTURE FOR: sport_item
#

INSERT INTO `sport_item` (`sport_id`, `item_id`) VALUES (0, '301');
INSERT INTO `sport_item` (`sport_id`, `item_id`) VALUES (1, '302');
INSERT INTO `sport_item` (`sport_id`, `item_id`) VALUES (2, '303');
INSERT INTO `sport_item` (`sport_id`, `item_id`) VALUES (3, '304');
INSERT INTO `sport_item` (`sport_id`, `item_id`) VALUES (4, '305');
INSERT INTO `sport_item` (`sport_id`, `item_id`) VALUES (5, '306');
INSERT INTO `sport_item` (`sport_id`, `item_id`) VALUES (6, '307');
INSERT INTO `sport_item` (`sport_id`, `item_id`) VALUES (7, '308');
INSERT INTO `sport_item` (`sport_id`, `item_id`) VALUES (8, '309');
INSERT INTO `sport_item` (`sport_id`, `item_id`) VALUES (9, '310');
INSERT INTO `sport_item` (`sport_id`, `item_id`) VALUES (0, '311');
INSERT INTO `sport_item` (`sport_id`, `item_id`) VALUES (1, '312');
INSERT INTO `sport_item` (`sport_id`, `item_id`) VALUES (2, '313');
INSERT INTO `sport_item` (`sport_id`, `item_id`) VALUES (3, '314');
INSERT INTO `sport_item` (`sport_id`, `item_id`) VALUES (4, '315');
INSERT INTO `sport_item` (`sport_id`, `item_id`) VALUES (5, '316');
INSERT INTO `sport_item` (`sport_id`, `item_id`) VALUES (6, '317');
INSERT INTO `sport_item` (`sport_id`, `item_id`) VALUES (7, '318');
INSERT INTO `sport_item` (`sport_id`, `item_id`) VALUES (8, '319');
INSERT INTO `sport_item` (`sport_id`, `item_id`) VALUES (9, '320');
INSERT INTO `sport_item` (`sport_id`, `item_id`) VALUES (0, '321');
INSERT INTO `sport_item` (`sport_id`, `item_id`) VALUES (1, '322');
INSERT INTO `sport_item` (`sport_id`, `item_id`) VALUES (2, '323');
INSERT INTO `sport_item` (`sport_id`, `item_id`) VALUES (3, '324');
INSERT INTO `sport_item` (`sport_id`, `item_id`) VALUES (4, '325');
INSERT INTO `sport_item` (`sport_id`, `item_id`) VALUES (5, '326');
INSERT INTO `sport_item` (`sport_id`, `item_id`) VALUES (6, '327');
INSERT INTO `sport_item` (`sport_id`, `item_id`) VALUES (7, '328');
INSERT INTO `sport_item` (`sport_id`, `item_id`) VALUES (8, '329');
INSERT INTO `sport_item` (`sport_id`, `item_id`) VALUES (9, '330');
INSERT INTO `sport_item` (`sport_id`, `item_id`) VALUES (0, '331');
INSERT INTO `sport_item` (`sport_id`, `item_id`) VALUES (1, '332');
INSERT INTO `sport_item` (`sport_id`, `item_id`) VALUES (2, '333');
INSERT INTO `sport_item` (`sport_id`, `item_id`) VALUES (3, '334');
INSERT INTO `sport_item` (`sport_id`, `item_id`) VALUES (4, '335');
INSERT INTO `sport_item` (`sport_id`, `item_id`) VALUES (5, '336');
INSERT INTO `sport_item` (`sport_id`, `item_id`) VALUES (6, '337');
INSERT INTO `sport_item` (`sport_id`, `item_id`) VALUES (7, '338');
INSERT INTO `sport_item` (`sport_id`, `item_id`) VALUES (8, '339');
INSERT INTO `sport_item` (`sport_id`, `item_id`) VALUES (9, '340');
INSERT INTO `sport_item` (`sport_id`, `item_id`) VALUES (0, '341');
INSERT INTO `sport_item` (`sport_id`, `item_id`) VALUES (1, '342');
INSERT INTO `sport_item` (`sport_id`, `item_id`) VALUES (2, '343');
INSERT INTO `sport_item` (`sport_id`, `item_id`) VALUES (3, '344');
INSERT INTO `sport_item` (`sport_id`, `item_id`) VALUES (4, '345');
INSERT INTO `sport_item` (`sport_id`, `item_id`) VALUES (5, '346');
INSERT INTO `sport_item` (`sport_id`, `item_id`) VALUES (6, '347');
INSERT INTO `sport_item` (`sport_id`, `item_id`) VALUES (7, '348');
INSERT INTO `sport_item` (`sport_id`, `item_id`) VALUES (8, '349');
INSERT INTO `sport_item` (`sport_id`, `item_id`) VALUES (9, '350');
INSERT INTO `sport_item` (`sport_id`, `item_id`) VALUES (0, '351');
INSERT INTO `sport_item` (`sport_id`, `item_id`) VALUES (1, '352');
INSERT INTO `sport_item` (`sport_id`, `item_id`) VALUES (2, '353');
INSERT INTO `sport_item` (`sport_id`, `item_id`) VALUES (3, '354');
INSERT INTO `sport_item` (`sport_id`, `item_id`) VALUES (4, '355');
INSERT INTO `sport_item` (`sport_id`, `item_id`) VALUES (5, '356');
INSERT INTO `sport_item` (`sport_id`, `item_id`) VALUES (6, '357');
INSERT INTO `sport_item` (`sport_id`, `item_id`) VALUES (7, '358');
INSERT INTO `sport_item` (`sport_id`, `item_id`) VALUES (8, '359');
INSERT INTO `sport_item` (`sport_id`, `item_id`) VALUES (9, '360');
INSERT INTO `sport_item` (`sport_id`, `item_id`) VALUES (0, '361');
INSERT INTO `sport_item` (`sport_id`, `item_id`) VALUES (1, '362');
INSERT INTO `sport_item` (`sport_id`, `item_id`) VALUES (2, '363');
INSERT INTO `sport_item` (`sport_id`, `item_id`) VALUES (3, '364');
INSERT INTO `sport_item` (`sport_id`, `item_id`) VALUES (4, '365');
INSERT INTO `sport_item` (`sport_id`, `item_id`) VALUES (5, '366');
INSERT INTO `sport_item` (`sport_id`, `item_id`) VALUES (6, '367');
INSERT INTO `sport_item` (`sport_id`, `item_id`) VALUES (7, '368');
INSERT INTO `sport_item` (`sport_id`, `item_id`) VALUES (8, '369');
INSERT INTO `sport_item` (`sport_id`, `item_id`) VALUES (9, '370');
INSERT INTO `sport_item` (`sport_id`, `item_id`) VALUES (0, '371');
INSERT INTO `sport_item` (`sport_id`, `item_id`) VALUES (1, '372');
INSERT INTO `sport_item` (`sport_id`, `item_id`) VALUES (2, '373');
INSERT INTO `sport_item` (`sport_id`, `item_id`) VALUES (3, '374');
INSERT INTO `sport_item` (`sport_id`, `item_id`) VALUES (4, '375');


#
# TABLE STRUCTURE FOR: lease_period
#

INSERT INTO `lease_period` (`id`, `start_time`, `end_time`) VALUES ('1', '2008-05-22 13:40:15', '2018-08-12 11:58:59');
INSERT INTO `lease_period` (`id`, `start_time`, `end_time`) VALUES ('2', '1989-03-29 14:06:59', '2012-07-07 23:27:19');
INSERT INTO `lease_period` (`id`, `start_time`, `end_time`) VALUES ('3', '2005-05-19 21:36:03', '1980-08-13 01:20:04');
INSERT INTO `lease_period` (`id`, `start_time`, `end_time`) VALUES ('4', '1997-12-15 11:37:05', '1977-11-26 06:46:08');
INSERT INTO `lease_period` (`id`, `start_time`, `end_time`) VALUES ('5', '1983-04-07 11:53:35', '2000-12-09 00:38:55');
INSERT INTO `lease_period` (`id`, `start_time`, `end_time`) VALUES ('6', '1992-08-13 10:43:30', '1993-05-07 06:47:50');
INSERT INTO `lease_period` (`id`, `start_time`, `end_time`) VALUES ('7', '1971-05-26 17:55:59', '1992-08-09 23:16:52');
INSERT INTO `lease_period` (`id`, `start_time`, `end_time`) VALUES ('8', '1993-01-16 17:44:45', '1995-09-03 12:37:16');
INSERT INTO `lease_period` (`id`, `start_time`, `end_time`) VALUES ('9', '1993-05-01 20:52:23', '1973-04-21 20:40:49');
INSERT INTO `lease_period` (`id`, `start_time`, `end_time`) VALUES ('10', '1976-11-06 14:45:46', '1988-11-17 03:15:34');
INSERT INTO `lease_period` (`id`, `start_time`, `end_time`) VALUES ('11', '2004-03-08 19:56:14', '2013-09-11 09:06:59');
INSERT INTO `lease_period` (`id`, `start_time`, `end_time`) VALUES ('12', '1990-07-16 02:43:05', '2012-06-15 16:49:00');
INSERT INTO `lease_period` (`id`, `start_time`, `end_time`) VALUES ('13', '1975-07-11 23:01:36', '1982-12-12 04:01:05');
INSERT INTO `lease_period` (`id`, `start_time`, `end_time`) VALUES ('14', '1988-09-29 12:00:38', '1975-08-15 23:57:52');
INSERT INTO `lease_period` (`id`, `start_time`, `end_time`) VALUES ('15', '1990-10-14 21:31:58', '1985-08-30 22:10:54');
INSERT INTO `lease_period` (`id`, `start_time`, `end_time`) VALUES ('16', '2003-11-23 19:16:45', '1986-01-10 07:45:18');
INSERT INTO `lease_period` (`id`, `start_time`, `end_time`) VALUES ('17', '1991-07-26 09:45:14', '1986-09-04 13:45:46');
INSERT INTO `lease_period` (`id`, `start_time`, `end_time`) VALUES ('18', '2007-11-19 04:20:00', '1984-08-26 15:01:14');
INSERT INTO `lease_period` (`id`, `start_time`, `end_time`) VALUES ('19', '1973-06-30 17:33:41', '1984-06-22 21:56:49');
INSERT INTO `lease_period` (`id`, `start_time`, `end_time`) VALUES ('20', '1991-03-01 07:28:59', '2003-09-23 05:10:08');
INSERT INTO `lease_period` (`id`, `start_time`, `end_time`) VALUES ('21', '2016-08-29 13:08:18', '2003-12-20 07:42:17');
INSERT INTO `lease_period` (`id`, `start_time`, `end_time`) VALUES ('22', '2014-02-27 06:00:43', '1979-04-24 05:25:31');
INSERT INTO `lease_period` (`id`, `start_time`, `end_time`) VALUES ('23', '1971-05-19 14:13:29', '2001-10-12 10:00:16');
INSERT INTO `lease_period` (`id`, `start_time`, `end_time`) VALUES ('24', '1972-07-11 19:53:03', '2013-11-21 12:26:05');
INSERT INTO `lease_period` (`id`, `start_time`, `end_time`) VALUES ('25', '1988-05-30 10:21:31', '1970-07-08 21:29:52');
INSERT INTO `lease_period` (`id`, `start_time`, `end_time`) VALUES ('26', '2018-07-30 15:56:00', '1972-11-30 18:15:45');
INSERT INTO `lease_period` (`id`, `start_time`, `end_time`) VALUES ('27', '1976-02-28 03:02:45', '2011-07-23 22:19:06');
INSERT INTO `lease_period` (`id`, `start_time`, `end_time`) VALUES ('28', '1998-09-13 01:49:13', '2014-04-03 17:48:51');
INSERT INTO `lease_period` (`id`, `start_time`, `end_time`) VALUES ('29', '2006-01-06 15:35:46', '1975-12-01 17:21:58');
INSERT INTO `lease_period` (`id`, `start_time`, `end_time`) VALUES ('30', '1991-09-25 07:41:30', '2007-05-25 06:23:41');
INSERT INTO `lease_period` (`id`, `start_time`, `end_time`) VALUES ('31', '1972-01-01 12:20:35', '2002-02-13 10:09:01');
INSERT INTO `lease_period` (`id`, `start_time`, `end_time`) VALUES ('32', '1990-12-26 17:25:07', '1978-12-15 21:37:16');
INSERT INTO `lease_period` (`id`, `start_time`, `end_time`) VALUES ('33', '2020-10-08 13:39:51', '1998-06-08 21:50:52');
INSERT INTO `lease_period` (`id`, `start_time`, `end_time`) VALUES ('34', '1974-06-20 08:44:32', '1980-12-05 08:41:13');
INSERT INTO `lease_period` (`id`, `start_time`, `end_time`) VALUES ('35', '1973-05-27 22:25:16', '1979-01-23 08:02:01');
INSERT INTO `lease_period` (`id`, `start_time`, `end_time`) VALUES ('36', '1974-08-30 08:26:06', '1998-01-02 08:01:36');
INSERT INTO `lease_period` (`id`, `start_time`, `end_time`) VALUES ('37', '1974-08-25 07:27:55', '1978-07-03 12:22:56');
INSERT INTO `lease_period` (`id`, `start_time`, `end_time`) VALUES ('38', '1975-06-21 13:10:24', '2007-01-24 06:12:59');
INSERT INTO `lease_period` (`id`, `start_time`, `end_time`) VALUES ('39', '1990-04-25 14:00:13', '1982-01-22 17:21:44');
INSERT INTO `lease_period` (`id`, `start_time`, `end_time`) VALUES ('40', '2000-08-21 13:33:51', '1984-11-12 20:11:32');
INSERT INTO `lease_period` (`id`, `start_time`, `end_time`) VALUES ('41', '2011-05-20 07:55:56', '1970-04-08 16:21:20');
INSERT INTO `lease_period` (`id`, `start_time`, `end_time`) VALUES ('42', '2016-07-31 08:03:43', '1986-01-15 02:14:48');
INSERT INTO `lease_period` (`id`, `start_time`, `end_time`) VALUES ('43', '1983-07-09 04:36:07', '1972-12-19 23:04:19');
INSERT INTO `lease_period` (`id`, `start_time`, `end_time`) VALUES ('44', '2009-05-20 19:34:47', '1998-12-12 16:02:00');
INSERT INTO `lease_period` (`id`, `start_time`, `end_time`) VALUES ('45', '2014-07-22 14:56:35', '1998-01-08 12:40:52');
INSERT INTO `lease_period` (`id`, `start_time`, `end_time`) VALUES ('46', '2005-08-20 10:15:33', '1971-05-16 11:22:25');
INSERT INTO `lease_period` (`id`, `start_time`, `end_time`) VALUES ('47', '1986-04-15 13:58:38', '1990-11-17 06:55:12');
INSERT INTO `lease_period` (`id`, `start_time`, `end_time`) VALUES ('48', '2015-05-27 12:07:55', '1988-12-15 04:55:51');
INSERT INTO `lease_period` (`id`, `start_time`, `end_time`) VALUES ('49', '1997-11-25 04:01:29', '1991-12-24 10:16:11');
INSERT INTO `lease_period` (`id`, `start_time`, `end_time`) VALUES ('50', '1983-07-24 07:02:31', '1997-10-14 11:39:02');
INSERT INTO `lease_period` (`id`, `start_time`, `end_time`) VALUES ('51', '2017-03-11 23:23:08', '1982-10-06 17:57:29');
INSERT INTO `lease_period` (`id`, `start_time`, `end_time`) VALUES ('52', '1982-01-07 19:53:52', '2001-04-01 23:01:30');
INSERT INTO `lease_period` (`id`, `start_time`, `end_time`) VALUES ('53', '1994-09-12 23:19:47', '2006-05-27 06:08:49');
INSERT INTO `lease_period` (`id`, `start_time`, `end_time`) VALUES ('54', '1989-12-13 01:51:06', '2020-08-13 04:31:05');
INSERT INTO `lease_period` (`id`, `start_time`, `end_time`) VALUES ('55', '2016-11-04 22:22:45', '1975-06-21 12:16:32');
INSERT INTO `lease_period` (`id`, `start_time`, `end_time`) VALUES ('56', '2001-08-14 08:56:36', '2009-01-19 01:40:30');
INSERT INTO `lease_period` (`id`, `start_time`, `end_time`) VALUES ('57', '2012-04-14 03:52:21', '1974-07-05 17:29:14');
INSERT INTO `lease_period` (`id`, `start_time`, `end_time`) VALUES ('58', '1980-11-14 09:18:56', '2015-01-10 05:10:46');
INSERT INTO `lease_period` (`id`, `start_time`, `end_time`) VALUES ('59', '2017-05-05 12:00:33', '1989-03-13 21:52:04');
INSERT INTO `lease_period` (`id`, `start_time`, `end_time`) VALUES ('60', '2008-06-09 08:05:35', '1988-01-20 21:01:15');
INSERT INTO `lease_period` (`id`, `start_time`, `end_time`) VALUES ('61', '1970-12-14 07:25:08', '2016-05-19 16:14:51');
INSERT INTO `lease_period` (`id`, `start_time`, `end_time`) VALUES ('62', '2006-12-13 04:43:14', '2000-02-27 09:51:48');
INSERT INTO `lease_period` (`id`, `start_time`, `end_time`) VALUES ('63', '2005-04-10 10:27:52', '1985-04-11 00:51:48');
INSERT INTO `lease_period` (`id`, `start_time`, `end_time`) VALUES ('64', '1976-04-30 17:27:43', '2000-01-14 16:45:17');
INSERT INTO `lease_period` (`id`, `start_time`, `end_time`) VALUES ('65', '1974-09-16 12:21:29', '1982-11-21 15:28:45');
INSERT INTO `lease_period` (`id`, `start_time`, `end_time`) VALUES ('66', '2009-12-31 19:02:37', '1994-09-12 17:27:12');
INSERT INTO `lease_period` (`id`, `start_time`, `end_time`) VALUES ('67', '2019-08-19 14:49:36', '1980-02-08 05:47:30');
INSERT INTO `lease_period` (`id`, `start_time`, `end_time`) VALUES ('68', '2017-01-17 12:18:27', '1973-05-27 19:46:00');
INSERT INTO `lease_period` (`id`, `start_time`, `end_time`) VALUES ('69', '2014-05-18 12:57:03', '1997-12-10 17:46:36');
INSERT INTO `lease_period` (`id`, `start_time`, `end_time`) VALUES ('70', '1981-05-19 23:42:22', '2008-07-22 14:03:07');
INSERT INTO `lease_period` (`id`, `start_time`, `end_time`) VALUES ('71', '2014-12-12 18:36:48', '1982-06-04 04:04:32');
INSERT INTO `lease_period` (`id`, `start_time`, `end_time`) VALUES ('72', '1996-01-05 11:38:49', '1999-02-23 13:02:24');
INSERT INTO `lease_period` (`id`, `start_time`, `end_time`) VALUES ('73', '2002-07-12 08:39:37', '2011-04-21 05:47:07');
INSERT INTO `lease_period` (`id`, `start_time`, `end_time`) VALUES ('74', '2009-04-13 03:35:20', '1991-11-27 01:17:09');
INSERT INTO `lease_period` (`id`, `start_time`, `end_time`) VALUES ('75', '1979-06-17 14:36:19', '2002-08-10 07:48:01');
INSERT INTO `lease_period` (`id`, `start_time`, `end_time`) VALUES ('76', '1972-04-13 02:22:36', '1995-01-17 00:04:21');
INSERT INTO `lease_period` (`id`, `start_time`, `end_time`) VALUES ('77', '2001-09-14 00:42:51', '1997-10-17 22:16:36');
INSERT INTO `lease_period` (`id`, `start_time`, `end_time`) VALUES ('78', '1996-05-15 07:33:58', '2008-03-26 19:09:39');
INSERT INTO `lease_period` (`id`, `start_time`, `end_time`) VALUES ('79', '2009-04-10 13:32:40', '1997-09-24 04:15:29');
INSERT INTO `lease_period` (`id`, `start_time`, `end_time`) VALUES ('80', '1991-08-19 03:51:40', '1975-04-11 01:10:02');
INSERT INTO `lease_period` (`id`, `start_time`, `end_time`) VALUES ('81', '1992-02-02 21:37:13', '2019-10-22 21:27:46');
INSERT INTO `lease_period` (`id`, `start_time`, `end_time`) VALUES ('82', '1980-01-03 08:36:38', '1991-02-17 22:06:37');
INSERT INTO `lease_period` (`id`, `start_time`, `end_time`) VALUES ('83', '2020-10-05 01:17:58', '1994-02-16 03:49:45');
INSERT INTO `lease_period` (`id`, `start_time`, `end_time`) VALUES ('84', '2015-02-23 04:33:57', '2010-05-09 04:35:04');
INSERT INTO `lease_period` (`id`, `start_time`, `end_time`) VALUES ('85', '1972-02-10 01:52:48', '2000-02-10 18:44:07');
INSERT INTO `lease_period` (`id`, `start_time`, `end_time`) VALUES ('86', '1981-01-22 18:07:29', '2020-06-28 17:12:03');
INSERT INTO `lease_period` (`id`, `start_time`, `end_time`) VALUES ('87', '1990-07-02 21:23:29', '2000-01-23 09:59:20');
INSERT INTO `lease_period` (`id`, `start_time`, `end_time`) VALUES ('88', '1982-05-16 16:38:56', '2009-09-07 07:51:19');
INSERT INTO `lease_period` (`id`, `start_time`, `end_time`) VALUES ('89', '2013-11-15 12:13:47', '1981-02-18 00:13:20');
INSERT INTO `lease_period` (`id`, `start_time`, `end_time`) VALUES ('90', '2004-01-12 09:28:34', '2016-08-25 18:43:30');
INSERT INTO `lease_period` (`id`, `start_time`, `end_time`) VALUES ('91', '2019-03-26 00:35:14', '2016-04-05 00:18:19');
INSERT INTO `lease_period` (`id`, `start_time`, `end_time`) VALUES ('92', '2000-02-14 03:49:53', '2003-01-16 07:04:53');
INSERT INTO `lease_period` (`id`, `start_time`, `end_time`) VALUES ('93', '1987-09-21 10:28:31', '1983-04-28 11:36:41');
INSERT INTO `lease_period` (`id`, `start_time`, `end_time`) VALUES ('94', '1992-05-31 14:16:44', '1978-02-24 06:52:36');
INSERT INTO `lease_period` (`id`, `start_time`, `end_time`) VALUES ('95', '1979-01-05 03:09:19', '2015-06-15 03:17:09');
INSERT INTO `lease_period` (`id`, `start_time`, `end_time`) VALUES ('96', '1985-12-19 21:43:12', '1982-12-06 16:59:27');
INSERT INTO `lease_period` (`id`, `start_time`, `end_time`) VALUES ('97', '1982-11-10 01:23:24', '2014-12-05 15:50:13');
INSERT INTO `lease_period` (`id`, `start_time`, `end_time`) VALUES ('98', '1997-08-03 05:54:13', '2014-06-27 04:36:36');
INSERT INTO `lease_period` (`id`, `start_time`, `end_time`) VALUES ('99', '1973-07-10 01:52:15', '1974-01-23 14:00:51');
INSERT INTO `lease_period` (`id`, `start_time`, `end_time`) VALUES ('100', '2018-11-13 05:10:58', '1996-09-07 21:28:08');
INSERT INTO `lease_period` (`id`, `start_time`, `end_time`) VALUES ('101', '1997-04-02 08:06:54', '1975-10-26 14:24:56');
INSERT INTO `lease_period` (`id`, `start_time`, `end_time`) VALUES ('102', '1987-01-19 07:37:07', '1997-04-12 14:17:38');
INSERT INTO `lease_period` (`id`, `start_time`, `end_time`) VALUES ('103', '1977-06-30 03:20:16', '1983-03-27 21:20:55');
INSERT INTO `lease_period` (`id`, `start_time`, `end_time`) VALUES ('104', '1985-04-21 08:20:31', '1973-06-03 08:47:32');
INSERT INTO `lease_period` (`id`, `start_time`, `end_time`) VALUES ('105', '1989-05-18 18:15:53', '2004-10-20 02:29:30');
INSERT INTO `lease_period` (`id`, `start_time`, `end_time`) VALUES ('106', '1983-05-17 18:21:24', '2007-12-14 19:57:53');
INSERT INTO `lease_period` (`id`, `start_time`, `end_time`) VALUES ('107', '1979-03-31 21:13:22', '2003-12-20 10:39:28');
INSERT INTO `lease_period` (`id`, `start_time`, `end_time`) VALUES ('108', '1983-04-15 12:35:40', '1988-09-11 03:12:38');
INSERT INTO `lease_period` (`id`, `start_time`, `end_time`) VALUES ('109', '2012-03-11 15:23:39', '1975-06-08 03:45:00');
INSERT INTO `lease_period` (`id`, `start_time`, `end_time`) VALUES ('110', '1971-01-16 22:51:39', '2002-10-25 14:07:33');
INSERT INTO `lease_period` (`id`, `start_time`, `end_time`) VALUES ('111', '2009-11-14 10:01:30', '1985-06-07 12:15:53');
INSERT INTO `lease_period` (`id`, `start_time`, `end_time`) VALUES ('112', '2012-09-02 02:21:23', '1991-06-23 10:49:26');
INSERT INTO `lease_period` (`id`, `start_time`, `end_time`) VALUES ('113', '1970-02-07 14:12:17', '1979-06-11 09:16:53');
INSERT INTO `lease_period` (`id`, `start_time`, `end_time`) VALUES ('114', '2006-03-17 01:29:33', '2007-11-11 00:35:40');
INSERT INTO `lease_period` (`id`, `start_time`, `end_time`) VALUES ('115', '2017-05-26 04:16:44', '2001-10-25 04:20:58');
INSERT INTO `lease_period` (`id`, `start_time`, `end_time`) VALUES ('116', '2019-01-19 23:26:37', '1979-09-02 15:39:59');
INSERT INTO `lease_period` (`id`, `start_time`, `end_time`) VALUES ('117', '2011-08-22 13:22:46', '1975-07-29 01:12:49');
INSERT INTO `lease_period` (`id`, `start_time`, `end_time`) VALUES ('118', '1972-03-19 02:27:52', '2012-03-29 06:10:42');
INSERT INTO `lease_period` (`id`, `start_time`, `end_time`) VALUES ('119', '2006-09-10 01:13:23', '1998-07-22 06:39:46');
INSERT INTO `lease_period` (`id`, `start_time`, `end_time`) VALUES ('120', '2002-03-22 16:18:25', '1988-12-02 19:10:04');
INSERT INTO `lease_period` (`id`, `start_time`, `end_time`) VALUES ('121', '2002-02-16 18:50:09', '1976-07-26 20:38:03');
INSERT INTO `lease_period` (`id`, `start_time`, `end_time`) VALUES ('122', '2019-03-11 02:44:14', '2007-07-30 03:15:00');
INSERT INTO `lease_period` (`id`, `start_time`, `end_time`) VALUES ('123', '2017-11-30 12:21:03', '2006-11-21 08:54:39');
INSERT INTO `lease_period` (`id`, `start_time`, `end_time`) VALUES ('124', '1992-09-22 01:30:47', '1978-08-04 14:04:27');
INSERT INTO `lease_period` (`id`, `start_time`, `end_time`) VALUES ('125', '1986-07-16 07:55:55', '1996-02-11 03:19:23');
INSERT INTO `lease_period` (`id`, `start_time`, `end_time`) VALUES ('126', '1970-12-01 02:47:11', '1990-11-11 17:38:48');
INSERT INTO `lease_period` (`id`, `start_time`, `end_time`) VALUES ('127', '2003-09-16 00:28:19', '2011-01-01 22:00:10');
INSERT INTO `lease_period` (`id`, `start_time`, `end_time`) VALUES ('128', '2015-11-21 06:51:04', '1995-06-20 02:59:20');
INSERT INTO `lease_period` (`id`, `start_time`, `end_time`) VALUES ('129', '1979-11-10 12:05:24', '1971-09-26 11:54:27');
INSERT INTO `lease_period` (`id`, `start_time`, `end_time`) VALUES ('130', '1982-05-28 23:24:17', '1973-08-11 19:05:32');
INSERT INTO `lease_period` (`id`, `start_time`, `end_time`) VALUES ('131', '1990-10-06 07:24:51', '1973-01-20 14:31:23');
INSERT INTO `lease_period` (`id`, `start_time`, `end_time`) VALUES ('132', '1987-05-23 06:03:57', '1986-02-07 12:24:06');
INSERT INTO `lease_period` (`id`, `start_time`, `end_time`) VALUES ('133', '1979-06-11 06:51:25', '1994-03-09 23:42:31');
INSERT INTO `lease_period` (`id`, `start_time`, `end_time`) VALUES ('134', '2002-06-18 09:27:04', '2020-07-19 12:16:18');
INSERT INTO `lease_period` (`id`, `start_time`, `end_time`) VALUES ('135', '1990-08-29 02:43:38', '2017-09-16 07:02:18');
INSERT INTO `lease_period` (`id`, `start_time`, `end_time`) VALUES ('136', '1986-07-12 07:53:17', '2004-03-21 17:25:13');
INSERT INTO `lease_period` (`id`, `start_time`, `end_time`) VALUES ('137', '2014-08-28 03:06:59', '2012-12-28 15:00:10');
INSERT INTO `lease_period` (`id`, `start_time`, `end_time`) VALUES ('138', '1985-01-07 17:46:33', '1996-09-26 09:49:14');
INSERT INTO `lease_period` (`id`, `start_time`, `end_time`) VALUES ('139', '2014-10-17 15:05:29', '1976-07-30 12:52:02');
INSERT INTO `lease_period` (`id`, `start_time`, `end_time`) VALUES ('140', '1996-03-18 06:45:46', '1996-03-09 02:05:31');
INSERT INTO `lease_period` (`id`, `start_time`, `end_time`) VALUES ('141', '1992-01-01 06:05:39', '1974-05-20 22:57:49');
INSERT INTO `lease_period` (`id`, `start_time`, `end_time`) VALUES ('142', '2012-05-29 07:26:51', '2000-07-17 03:59:30');
INSERT INTO `lease_period` (`id`, `start_time`, `end_time`) VALUES ('143', '1983-10-14 20:16:54', '1991-04-22 09:45:23');
INSERT INTO `lease_period` (`id`, `start_time`, `end_time`) VALUES ('144', '1973-07-09 05:39:42', '2020-03-03 14:16:04');
INSERT INTO `lease_period` (`id`, `start_time`, `end_time`) VALUES ('145', '1974-02-13 04:01:42', '1987-12-30 06:10:05');
INSERT INTO `lease_period` (`id`, `start_time`, `end_time`) VALUES ('146', '2001-04-21 00:02:05', '2010-04-13 15:09:42');
INSERT INTO `lease_period` (`id`, `start_time`, `end_time`) VALUES ('147', '2003-09-13 22:27:17', '1976-10-25 23:26:52');
INSERT INTO `lease_period` (`id`, `start_time`, `end_time`) VALUES ('148', '1979-06-07 03:18:21', '1971-07-25 16:53:58');
INSERT INTO `lease_period` (`id`, `start_time`, `end_time`) VALUES ('149', '1980-11-16 13:03:20', '1977-07-28 09:46:44');
INSERT INTO `lease_period` (`id`, `start_time`, `end_time`) VALUES ('150', '2008-04-16 10:58:13', '2002-09-25 03:30:30');
INSERT INTO `lease_period` (`id`, `start_time`, `end_time`) VALUES ('151', '1995-05-25 18:42:52', '1992-02-11 03:29:51');
INSERT INTO `lease_period` (`id`, `start_time`, `end_time`) VALUES ('152', '1987-08-22 06:25:34', '2013-01-17 08:14:28');
INSERT INTO `lease_period` (`id`, `start_time`, `end_time`) VALUES ('153', '1982-12-21 13:49:40', '2003-06-17 15:43:43');
INSERT INTO `lease_period` (`id`, `start_time`, `end_time`) VALUES ('154', '2008-06-13 09:30:36', '1970-01-12 20:19:35');
INSERT INTO `lease_period` (`id`, `start_time`, `end_time`) VALUES ('155', '2010-12-10 19:45:39', '2007-09-21 09:39:46');
INSERT INTO `lease_period` (`id`, `start_time`, `end_time`) VALUES ('156', '1974-05-14 08:50:46', '1973-09-07 06:29:15');
INSERT INTO `lease_period` (`id`, `start_time`, `end_time`) VALUES ('157', '1972-10-19 02:07:49', '1977-04-18 15:47:30');
INSERT INTO `lease_period` (`id`, `start_time`, `end_time`) VALUES ('158', '1986-08-20 13:13:57', '1987-11-20 03:12:32');
INSERT INTO `lease_period` (`id`, `start_time`, `end_time`) VALUES ('159', '2011-03-10 21:46:48', '1991-08-30 03:57:12');
INSERT INTO `lease_period` (`id`, `start_time`, `end_time`) VALUES ('160', '1992-05-14 16:31:18', '2002-01-22 09:08:46');
INSERT INTO `lease_period` (`id`, `start_time`, `end_time`) VALUES ('161', '2016-03-07 00:39:20', '2001-04-28 20:15:02');
INSERT INTO `lease_period` (`id`, `start_time`, `end_time`) VALUES ('162', '1998-07-02 00:44:13', '1998-12-17 08:17:19');
INSERT INTO `lease_period` (`id`, `start_time`, `end_time`) VALUES ('163', '1991-05-31 21:46:27', '2002-04-17 02:43:24');
INSERT INTO `lease_period` (`id`, `start_time`, `end_time`) VALUES ('164', '2009-11-30 21:47:27', '2015-09-04 09:22:53');
INSERT INTO `lease_period` (`id`, `start_time`, `end_time`) VALUES ('165', '1996-09-22 05:38:17', '1977-11-06 16:15:56');
INSERT INTO `lease_period` (`id`, `start_time`, `end_time`) VALUES ('166', '1989-12-02 04:42:29', '1999-08-15 00:13:15');
INSERT INTO `lease_period` (`id`, `start_time`, `end_time`) VALUES ('167', '2009-02-03 10:56:38', '1978-09-05 10:43:21');
INSERT INTO `lease_period` (`id`, `start_time`, `end_time`) VALUES ('168', '2003-05-07 10:17:26', '1971-03-22 21:17:37');
INSERT INTO `lease_period` (`id`, `start_time`, `end_time`) VALUES ('169', '2003-10-27 08:40:21', '2013-02-22 13:33:53');
INSERT INTO `lease_period` (`id`, `start_time`, `end_time`) VALUES ('170', '1973-12-28 04:39:58', '2010-03-09 05:58:57');
INSERT INTO `lease_period` (`id`, `start_time`, `end_time`) VALUES ('171', '2006-07-19 23:42:10', '1983-01-04 22:01:40');
INSERT INTO `lease_period` (`id`, `start_time`, `end_time`) VALUES ('172', '1974-03-15 19:15:22', '1979-04-28 18:28:04');
INSERT INTO `lease_period` (`id`, `start_time`, `end_time`) VALUES ('173', '1971-03-08 17:54:13', '2005-04-19 12:44:15');
INSERT INTO `lease_period` (`id`, `start_time`, `end_time`) VALUES ('174', '1988-06-13 08:16:49', '1973-03-14 06:55:59');
INSERT INTO `lease_period` (`id`, `start_time`, `end_time`) VALUES ('175', '2017-02-07 03:12:53', '2011-01-09 03:23:24');
INSERT INTO `lease_period` (`id`, `start_time`, `end_time`) VALUES ('176', '2010-11-24 22:43:56', '2008-09-16 20:03:00');
INSERT INTO `lease_period` (`id`, `start_time`, `end_time`) VALUES ('177', '2015-08-11 13:56:07', '1974-02-17 10:19:33');
INSERT INTO `lease_period` (`id`, `start_time`, `end_time`) VALUES ('178', '1976-06-17 01:00:09', '1978-04-14 16:12:43');
INSERT INTO `lease_period` (`id`, `start_time`, `end_time`) VALUES ('179', '1993-02-09 01:48:11', '1991-11-08 22:21:56');
INSERT INTO `lease_period` (`id`, `start_time`, `end_time`) VALUES ('180', '1978-11-10 07:00:43', '1989-01-28 21:21:09');
INSERT INTO `lease_period` (`id`, `start_time`, `end_time`) VALUES ('181', '2011-07-03 21:10:14', '2004-09-22 02:25:35');
INSERT INTO `lease_period` (`id`, `start_time`, `end_time`) VALUES ('182', '2010-12-14 17:36:40', '1991-07-01 07:51:48');
INSERT INTO `lease_period` (`id`, `start_time`, `end_time`) VALUES ('183', '2010-06-30 18:06:47', '2014-05-28 12:46:57');
INSERT INTO `lease_period` (`id`, `start_time`, `end_time`) VALUES ('184', '1984-04-28 10:31:55', '1975-01-15 01:42:01');
INSERT INTO `lease_period` (`id`, `start_time`, `end_time`) VALUES ('185', '1989-08-26 06:49:07', '1984-01-24 23:16:40');
INSERT INTO `lease_period` (`id`, `start_time`, `end_time`) VALUES ('186', '1988-10-17 00:36:56', '1985-03-31 01:29:15');
INSERT INTO `lease_period` (`id`, `start_time`, `end_time`) VALUES ('187', '1987-05-19 11:14:40', '2006-07-29 10:33:19');
INSERT INTO `lease_period` (`id`, `start_time`, `end_time`) VALUES ('188', '1996-02-16 03:30:12', '1994-03-06 02:22:40');
INSERT INTO `lease_period` (`id`, `start_time`, `end_time`) VALUES ('189', '1992-01-22 00:36:55', '1982-11-13 02:15:35');
INSERT INTO `lease_period` (`id`, `start_time`, `end_time`) VALUES ('190', '2013-06-29 21:34:24', '2008-02-01 18:29:08');
INSERT INTO `lease_period` (`id`, `start_time`, `end_time`) VALUES ('191', '1988-08-11 23:34:22', '1982-02-21 08:29:56');
INSERT INTO `lease_period` (`id`, `start_time`, `end_time`) VALUES ('192', '1970-05-07 16:01:23', '1992-12-19 20:22:26');
INSERT INTO `lease_period` (`id`, `start_time`, `end_time`) VALUES ('193', '1983-03-12 04:54:36', '1998-09-03 18:20:57');
INSERT INTO `lease_period` (`id`, `start_time`, `end_time`) VALUES ('194', '1999-01-27 01:10:10', '2004-11-28 21:20:45');
INSERT INTO `lease_period` (`id`, `start_time`, `end_time`) VALUES ('195', '2009-10-04 10:00:49', '1987-05-05 22:13:13');
INSERT INTO `lease_period` (`id`, `start_time`, `end_time`) VALUES ('196', '2003-06-05 15:35:12', '2002-08-16 04:46:18');
INSERT INTO `lease_period` (`id`, `start_time`, `end_time`) VALUES ('197', '1981-05-09 14:14:37', '1984-02-20 19:55:04');
INSERT INTO `lease_period` (`id`, `start_time`, `end_time`) VALUES ('198', '1974-11-22 22:34:28', '1974-02-16 05:29:58');
INSERT INTO `lease_period` (`id`, `start_time`, `end_time`) VALUES ('199', '1997-01-27 02:14:34', '1973-05-29 18:06:55');
INSERT INTO `lease_period` (`id`, `start_time`, `end_time`) VALUES ('200', '1974-08-21 21:14:08', '1998-08-14 21:48:41');


#
# TABLE STRUCTURE FOR: payment
#

INSERT INTO `payment` (`id`, `payment_value`, `payment_type`, `is_cost_with_dscount`) VALUES ('1', '90704.76', 'cash', 0);
INSERT INTO `payment` (`id`, `payment_value`, `payment_type`, `is_cost_with_dscount`) VALUES ('2', '28.57', 'cash', 0);
INSERT INTO `payment` (`id`, `payment_value`, `payment_type`, `is_cost_with_dscount`) VALUES ('3', '3388968.68', 'cash', 0);
INSERT INTO `payment` (`id`, `payment_value`, `payment_type`, `is_cost_with_dscount`) VALUES ('4', '157393.73', 'cash', 0);
INSERT INTO `payment` (`id`, `payment_value`, `payment_type`, `is_cost_with_dscount`) VALUES ('5', '881525.00', 'card', 1);
INSERT INTO `payment` (`id`, `payment_value`, `payment_type`, `is_cost_with_dscount`) VALUES ('6', '349946.36', 'card', 0);
INSERT INTO `payment` (`id`, `payment_value`, `payment_type`, `is_cost_with_dscount`) VALUES ('7', '2.90', 'cash', 0);
INSERT INTO `payment` (`id`, `payment_value`, `payment_type`, `is_cost_with_dscount`) VALUES ('8', '402.40', 'card', 0);
INSERT INTO `payment` (`id`, `payment_value`, `payment_type`, `is_cost_with_dscount`) VALUES ('9', '18740277.02', 'card', 1);
INSERT INTO `payment` (`id`, `payment_value`, `payment_type`, `is_cost_with_dscount`) VALUES ('10', '2.00', 'card', 1);
INSERT INTO `payment` (`id`, `payment_value`, `payment_type`, `is_cost_with_dscount`) VALUES ('11', '107.49', 'card', 1);
INSERT INTO `payment` (`id`, `payment_value`, `payment_type`, `is_cost_with_dscount`) VALUES ('12', '82.67', 'cash', 0);
INSERT INTO `payment` (`id`, `payment_value`, `payment_type`, `is_cost_with_dscount`) VALUES ('13', '4.02', 'card', 1);
INSERT INTO `payment` (`id`, `payment_value`, `payment_type`, `is_cost_with_dscount`) VALUES ('14', '0.00', 'card', 0);
INSERT INTO `payment` (`id`, `payment_value`, `payment_type`, `is_cost_with_dscount`) VALUES ('15', '149891.03', 'cash', 0);
INSERT INTO `payment` (`id`, `payment_value`, `payment_type`, `is_cost_with_dscount`) VALUES ('16', '173409.00', 'cash', 0);
INSERT INTO `payment` (`id`, `payment_value`, `payment_type`, `is_cost_with_dscount`) VALUES ('17', '3539402.00', 'card', 0);
INSERT INTO `payment` (`id`, `payment_value`, `payment_type`, `is_cost_with_dscount`) VALUES ('18', '462318.73', 'cash', 0);
INSERT INTO `payment` (`id`, `payment_value`, `payment_type`, `is_cost_with_dscount`) VALUES ('19', '553000.75', 'card', 1);
INSERT INTO `payment` (`id`, `payment_value`, `payment_type`, `is_cost_with_dscount`) VALUES ('20', '0.00', 'card', 1);
INSERT INTO `payment` (`id`, `payment_value`, `payment_type`, `is_cost_with_dscount`) VALUES ('21', '1.61', 'cash', 0);
INSERT INTO `payment` (`id`, `payment_value`, `payment_type`, `is_cost_with_dscount`) VALUES ('22', '0.00', 'cash', 0);
INSERT INTO `payment` (`id`, `payment_value`, `payment_type`, `is_cost_with_dscount`) VALUES ('23', '0.00', 'card', 1);
INSERT INTO `payment` (`id`, `payment_value`, `payment_type`, `is_cost_with_dscount`) VALUES ('24', '99999999.99', 'card', 1);
INSERT INTO `payment` (`id`, `payment_value`, `payment_type`, `is_cost_with_dscount`) VALUES ('25', '99999999.99', 'card', 0);
INSERT INTO `payment` (`id`, `payment_value`, `payment_type`, `is_cost_with_dscount`) VALUES ('26', '28672.73', 'cash', 0);
INSERT INTO `payment` (`id`, `payment_value`, `payment_type`, `is_cost_with_dscount`) VALUES ('27', '46.26', 'card', 0);
INSERT INTO `payment` (`id`, `payment_value`, `payment_type`, `is_cost_with_dscount`) VALUES ('28', '21185586.06', 'card', 1);
INSERT INTO `payment` (`id`, `payment_value`, `payment_type`, `is_cost_with_dscount`) VALUES ('29', '6362.00', 'cash', 0);
INSERT INTO `payment` (`id`, `payment_value`, `payment_type`, `is_cost_with_dscount`) VALUES ('30', '99999999.99', 'card', 1);
INSERT INTO `payment` (`id`, `payment_value`, `payment_type`, `is_cost_with_dscount`) VALUES ('31', '11418584.70', 'card', 0);
INSERT INTO `payment` (`id`, `payment_value`, `payment_type`, `is_cost_with_dscount`) VALUES ('32', '557.14', 'cash', 1);
INSERT INTO `payment` (`id`, `payment_value`, `payment_type`, `is_cost_with_dscount`) VALUES ('33', '0.00', 'card', 1);
INSERT INTO `payment` (`id`, `payment_value`, `payment_type`, `is_cost_with_dscount`) VALUES ('34', '177.67', 'cash', 1);
INSERT INTO `payment` (`id`, `payment_value`, `payment_type`, `is_cost_with_dscount`) VALUES ('35', '99999999.99', 'card', 0);
INSERT INTO `payment` (`id`, `payment_value`, `payment_type`, `is_cost_with_dscount`) VALUES ('36', '417.03', 'card', 0);
INSERT INTO `payment` (`id`, `payment_value`, `payment_type`, `is_cost_with_dscount`) VALUES ('37', '2.23', 'cash', 1);
INSERT INTO `payment` (`id`, `payment_value`, `payment_type`, `is_cost_with_dscount`) VALUES ('38', '0.00', 'card', 0);
INSERT INTO `payment` (`id`, `payment_value`, `payment_type`, `is_cost_with_dscount`) VALUES ('39', '3782.17', 'cash', 1);
INSERT INTO `payment` (`id`, `payment_value`, `payment_type`, `is_cost_with_dscount`) VALUES ('40', '37183.69', 'cash', 1);
INSERT INTO `payment` (`id`, `payment_value`, `payment_type`, `is_cost_with_dscount`) VALUES ('41', '222.42', 'card', 1);
INSERT INTO `payment` (`id`, `payment_value`, `payment_type`, `is_cost_with_dscount`) VALUES ('42', '25547281.79', 'card', 0);
INSERT INTO `payment` (`id`, `payment_value`, `payment_type`, `is_cost_with_dscount`) VALUES ('43', '56.98', 'cash', 1);
INSERT INTO `payment` (`id`, `payment_value`, `payment_type`, `is_cost_with_dscount`) VALUES ('44', '339.46', 'cash', 0);
INSERT INTO `payment` (`id`, `payment_value`, `payment_type`, `is_cost_with_dscount`) VALUES ('45', '32.50', 'cash', 1);
INSERT INTO `payment` (`id`, `payment_value`, `payment_type`, `is_cost_with_dscount`) VALUES ('46', '99999999.99', 'cash', 0);
INSERT INTO `payment` (`id`, `payment_value`, `payment_type`, `is_cost_with_dscount`) VALUES ('47', '189888.69', 'cash', 1);
INSERT INTO `payment` (`id`, `payment_value`, `payment_type`, `is_cost_with_dscount`) VALUES ('48', '5.38', 'card', 0);
INSERT INTO `payment` (`id`, `payment_value`, `payment_type`, `is_cost_with_dscount`) VALUES ('49', '2196.97', 'cash', 0);
INSERT INTO `payment` (`id`, `payment_value`, `payment_type`, `is_cost_with_dscount`) VALUES ('50', '0.00', 'card', 1);
INSERT INTO `payment` (`id`, `payment_value`, `payment_type`, `is_cost_with_dscount`) VALUES ('51', '4075024.00', 'card', 1);
INSERT INTO `payment` (`id`, `payment_value`, `payment_type`, `is_cost_with_dscount`) VALUES ('52', '150.41', 'card', 0);
INSERT INTO `payment` (`id`, `payment_value`, `payment_type`, `is_cost_with_dscount`) VALUES ('53', '96.50', 'cash', 1);
INSERT INTO `payment` (`id`, `payment_value`, `payment_type`, `is_cost_with_dscount`) VALUES ('54', '31430079.00', 'card', 0);
INSERT INTO `payment` (`id`, `payment_value`, `payment_type`, `is_cost_with_dscount`) VALUES ('55', '5853.00', 'card', 0);
INSERT INTO `payment` (`id`, `payment_value`, `payment_type`, `is_cost_with_dscount`) VALUES ('56', '4911.07', 'cash', 0);
INSERT INTO `payment` (`id`, `payment_value`, `payment_type`, `is_cost_with_dscount`) VALUES ('57', '173949.60', 'cash', 1);
INSERT INTO `payment` (`id`, `payment_value`, `payment_type`, `is_cost_with_dscount`) VALUES ('58', '49.16', 'cash', 0);
INSERT INTO `payment` (`id`, `payment_value`, `payment_type`, `is_cost_with_dscount`) VALUES ('59', '1682373.56', 'cash', 1);
INSERT INTO `payment` (`id`, `payment_value`, `payment_type`, `is_cost_with_dscount`) VALUES ('60', '99999999.99', 'card', 0);
INSERT INTO `payment` (`id`, `payment_value`, `payment_type`, `is_cost_with_dscount`) VALUES ('61', '1603443.60', 'card', 1);
INSERT INTO `payment` (`id`, `payment_value`, `payment_type`, `is_cost_with_dscount`) VALUES ('62', '0.00', 'card', 0);
INSERT INTO `payment` (`id`, `payment_value`, `payment_type`, `is_cost_with_dscount`) VALUES ('63', '0.00', 'card', 1);
INSERT INTO `payment` (`id`, `payment_value`, `payment_type`, `is_cost_with_dscount`) VALUES ('64', '21146.38', 'cash', 0);
INSERT INTO `payment` (`id`, `payment_value`, `payment_type`, `is_cost_with_dscount`) VALUES ('65', '1716.96', 'card', 1);
INSERT INTO `payment` (`id`, `payment_value`, `payment_type`, `is_cost_with_dscount`) VALUES ('66', '5.88', 'cash', 1);
INSERT INTO `payment` (`id`, `payment_value`, `payment_type`, `is_cost_with_dscount`) VALUES ('67', '1477102.83', 'cash', 1);
INSERT INTO `payment` (`id`, `payment_value`, `payment_type`, `is_cost_with_dscount`) VALUES ('68', '12007194.38', 'card', 1);
INSERT INTO `payment` (`id`, `payment_value`, `payment_type`, `is_cost_with_dscount`) VALUES ('69', '0.00', 'cash', 1);
INSERT INTO `payment` (`id`, `payment_value`, `payment_type`, `is_cost_with_dscount`) VALUES ('70', '1142782.52', 'cash', 1);
INSERT INTO `payment` (`id`, `payment_value`, `payment_type`, `is_cost_with_dscount`) VALUES ('71', '99999999.99', 'cash', 0);
INSERT INTO `payment` (`id`, `payment_value`, `payment_type`, `is_cost_with_dscount`) VALUES ('72', '58.62', 'card', 0);
INSERT INTO `payment` (`id`, `payment_value`, `payment_type`, `is_cost_with_dscount`) VALUES ('73', '2.80', 'cash', 1);
INSERT INTO `payment` (`id`, `payment_value`, `payment_type`, `is_cost_with_dscount`) VALUES ('74', '30.43', 'card', 0);
INSERT INTO `payment` (`id`, `payment_value`, `payment_type`, `is_cost_with_dscount`) VALUES ('75', '42068905.00', 'cash', 1);
INSERT INTO `payment` (`id`, `payment_value`, `payment_type`, `is_cost_with_dscount`) VALUES ('76', '23876.10', 'card', 0);
INSERT INTO `payment` (`id`, `payment_value`, `payment_type`, `is_cost_with_dscount`) VALUES ('77', '83269.19', 'card', 0);
INSERT INTO `payment` (`id`, `payment_value`, `payment_type`, `is_cost_with_dscount`) VALUES ('78', '172137.40', 'cash', 0);
INSERT INTO `payment` (`id`, `payment_value`, `payment_type`, `is_cost_with_dscount`) VALUES ('79', '6.07', 'cash', 0);
INSERT INTO `payment` (`id`, `payment_value`, `payment_type`, `is_cost_with_dscount`) VALUES ('80', '185.89', 'card', 0);
INSERT INTO `payment` (`id`, `payment_value`, `payment_type`, `is_cost_with_dscount`) VALUES ('81', '266.24', 'cash', 0);
INSERT INTO `payment` (`id`, `payment_value`, `payment_type`, `is_cost_with_dscount`) VALUES ('82', '50571.49', 'cash', 0);
INSERT INTO `payment` (`id`, `payment_value`, `payment_type`, `is_cost_with_dscount`) VALUES ('83', '36.02', 'card', 0);
INSERT INTO `payment` (`id`, `payment_value`, `payment_type`, `is_cost_with_dscount`) VALUES ('84', '62.07', 'cash', 0);
INSERT INTO `payment` (`id`, `payment_value`, `payment_type`, `is_cost_with_dscount`) VALUES ('85', '99999999.99', 'cash', 1);
INSERT INTO `payment` (`id`, `payment_value`, `payment_type`, `is_cost_with_dscount`) VALUES ('86', '458595.43', 'card', 1);
INSERT INTO `payment` (`id`, `payment_value`, `payment_type`, `is_cost_with_dscount`) VALUES ('87', '97.76', 'cash', 0);
INSERT INTO `payment` (`id`, `payment_value`, `payment_type`, `is_cost_with_dscount`) VALUES ('88', '1549963.56', 'card', 1);
INSERT INTO `payment` (`id`, `payment_value`, `payment_type`, `is_cost_with_dscount`) VALUES ('89', '5.72', 'card', 0);
INSERT INTO `payment` (`id`, `payment_value`, `payment_type`, `is_cost_with_dscount`) VALUES ('90', '50666518.95', 'card', 0);
INSERT INTO `payment` (`id`, `payment_value`, `payment_type`, `is_cost_with_dscount`) VALUES ('91', '74687732.75', 'card', 0);
INSERT INTO `payment` (`id`, `payment_value`, `payment_type`, `is_cost_with_dscount`) VALUES ('92', '22124526.97', 'cash', 0);
INSERT INTO `payment` (`id`, `payment_value`, `payment_type`, `is_cost_with_dscount`) VALUES ('93', '99999999.99', 'card', 0);
INSERT INTO `payment` (`id`, `payment_value`, `payment_type`, `is_cost_with_dscount`) VALUES ('94', '27194779.96', 'cash', 0);
INSERT INTO `payment` (`id`, `payment_value`, `payment_type`, `is_cost_with_dscount`) VALUES ('95', '3275075.00', 'card', 1);
INSERT INTO `payment` (`id`, `payment_value`, `payment_type`, `is_cost_with_dscount`) VALUES ('96', '0.02', 'card', 0);
INSERT INTO `payment` (`id`, `payment_value`, `payment_type`, `is_cost_with_dscount`) VALUES ('97', '1127848.84', 'cash', 1);
INSERT INTO `payment` (`id`, `payment_value`, `payment_type`, `is_cost_with_dscount`) VALUES ('98', '1315430.37', 'cash', 1);
INSERT INTO `payment` (`id`, `payment_value`, `payment_type`, `is_cost_with_dscount`) VALUES ('99', '1600.15', 'card', 0);
INSERT INTO `payment` (`id`, `payment_value`, `payment_type`, `is_cost_with_dscount`) VALUES ('100', '40927301.97', 'cash', 0);
INSERT INTO `payment` (`id`, `payment_value`, `payment_type`, `is_cost_with_dscount`) VALUES ('101', '953908.78', 'cash', 1);
INSERT INTO `payment` (`id`, `payment_value`, `payment_type`, `is_cost_with_dscount`) VALUES ('102', '83865101.01', 'cash', 1);
INSERT INTO `payment` (`id`, `payment_value`, `payment_type`, `is_cost_with_dscount`) VALUES ('103', '344.06', 'cash', 0);
INSERT INTO `payment` (`id`, `payment_value`, `payment_type`, `is_cost_with_dscount`) VALUES ('104', '0.00', 'cash', 0);
INSERT INTO `payment` (`id`, `payment_value`, `payment_type`, `is_cost_with_dscount`) VALUES ('105', '980.86', 'cash', 1);
INSERT INTO `payment` (`id`, `payment_value`, `payment_type`, `is_cost_with_dscount`) VALUES ('106', '349.47', 'card', 1);
INSERT INTO `payment` (`id`, `payment_value`, `payment_type`, `is_cost_with_dscount`) VALUES ('107', '2.27', 'card', 1);
INSERT INTO `payment` (`id`, `payment_value`, `payment_type`, `is_cost_with_dscount`) VALUES ('108', '0.46', 'cash', 0);
INSERT INTO `payment` (`id`, `payment_value`, `payment_type`, `is_cost_with_dscount`) VALUES ('109', '0.00', 'cash', 0);
INSERT INTO `payment` (`id`, `payment_value`, `payment_type`, `is_cost_with_dscount`) VALUES ('110', '1856993.04', 'card', 1);
INSERT INTO `payment` (`id`, `payment_value`, `payment_type`, `is_cost_with_dscount`) VALUES ('111', '1695.20', 'cash', 1);
INSERT INTO `payment` (`id`, `payment_value`, `payment_type`, `is_cost_with_dscount`) VALUES ('112', '0.00', 'cash', 1);
INSERT INTO `payment` (`id`, `payment_value`, `payment_type`, `is_cost_with_dscount`) VALUES ('113', '287.91', 'card', 1);
INSERT INTO `payment` (`id`, `payment_value`, `payment_type`, `is_cost_with_dscount`) VALUES ('114', '0.00', 'cash', 1);
INSERT INTO `payment` (`id`, `payment_value`, `payment_type`, `is_cost_with_dscount`) VALUES ('115', '6932.20', 'cash', 1);
INSERT INTO `payment` (`id`, `payment_value`, `payment_type`, `is_cost_with_dscount`) VALUES ('116', '99999999.99', 'cash', 0);
INSERT INTO `payment` (`id`, `payment_value`, `payment_type`, `is_cost_with_dscount`) VALUES ('117', '51855.80', 'cash', 0);
INSERT INTO `payment` (`id`, `payment_value`, `payment_type`, `is_cost_with_dscount`) VALUES ('118', '4.18', 'card', 1);
INSERT INTO `payment` (`id`, `payment_value`, `payment_type`, `is_cost_with_dscount`) VALUES ('119', '19015.91', 'cash', 1);
INSERT INTO `payment` (`id`, `payment_value`, `payment_type`, `is_cost_with_dscount`) VALUES ('120', '1669.34', 'cash', 0);
INSERT INTO `payment` (`id`, `payment_value`, `payment_type`, `is_cost_with_dscount`) VALUES ('121', '2.13', 'cash', 1);
INSERT INTO `payment` (`id`, `payment_value`, `payment_type`, `is_cost_with_dscount`) VALUES ('122', '54729.10', 'card', 1);
INSERT INTO `payment` (`id`, `payment_value`, `payment_type`, `is_cost_with_dscount`) VALUES ('123', '33780475.66', 'card', 0);
INSERT INTO `payment` (`id`, `payment_value`, `payment_type`, `is_cost_with_dscount`) VALUES ('124', '0.69', 'cash', 1);
INSERT INTO `payment` (`id`, `payment_value`, `payment_type`, `is_cost_with_dscount`) VALUES ('125', '0.00', 'card', 1);
INSERT INTO `payment` (`id`, `payment_value`, `payment_type`, `is_cost_with_dscount`) VALUES ('126', '8.81', 'cash', 0);
INSERT INTO `payment` (`id`, `payment_value`, `payment_type`, `is_cost_with_dscount`) VALUES ('127', '7662128.98', 'card', 0);
INSERT INTO `payment` (`id`, `payment_value`, `payment_type`, `is_cost_with_dscount`) VALUES ('128', '621.99', 'cash', 0);
INSERT INTO `payment` (`id`, `payment_value`, `payment_type`, `is_cost_with_dscount`) VALUES ('129', '0.10', 'card', 1);
INSERT INTO `payment` (`id`, `payment_value`, `payment_type`, `is_cost_with_dscount`) VALUES ('130', '39673753.00', 'card', 1);
INSERT INTO `payment` (`id`, `payment_value`, `payment_type`, `is_cost_with_dscount`) VALUES ('131', '99999999.99', 'cash', 1);
INSERT INTO `payment` (`id`, `payment_value`, `payment_type`, `is_cost_with_dscount`) VALUES ('132', '2738.66', 'card', 0);
INSERT INTO `payment` (`id`, `payment_value`, `payment_type`, `is_cost_with_dscount`) VALUES ('133', '14953500.20', 'card', 0);
INSERT INTO `payment` (`id`, `payment_value`, `payment_type`, `is_cost_with_dscount`) VALUES ('134', '12.70', 'card', 0);
INSERT INTO `payment` (`id`, `payment_value`, `payment_type`, `is_cost_with_dscount`) VALUES ('135', '15873697.16', 'cash', 1);
INSERT INTO `payment` (`id`, `payment_value`, `payment_type`, `is_cost_with_dscount`) VALUES ('136', '0.00', 'cash', 0);
INSERT INTO `payment` (`id`, `payment_value`, `payment_type`, `is_cost_with_dscount`) VALUES ('137', '216101.37', 'card', 1);
INSERT INTO `payment` (`id`, `payment_value`, `payment_type`, `is_cost_with_dscount`) VALUES ('138', '158635.77', 'card', 1);
INSERT INTO `payment` (`id`, `payment_value`, `payment_type`, `is_cost_with_dscount`) VALUES ('139', '894.21', 'cash', 0);
INSERT INTO `payment` (`id`, `payment_value`, `payment_type`, `is_cost_with_dscount`) VALUES ('140', '24.10', 'cash', 1);
INSERT INTO `payment` (`id`, `payment_value`, `payment_type`, `is_cost_with_dscount`) VALUES ('141', '11768283.00', 'card', 1);
INSERT INTO `payment` (`id`, `payment_value`, `payment_type`, `is_cost_with_dscount`) VALUES ('142', '544753.00', 'cash', 0);
INSERT INTO `payment` (`id`, `payment_value`, `payment_type`, `is_cost_with_dscount`) VALUES ('143', '53082.54', 'cash', 0);
INSERT INTO `payment` (`id`, `payment_value`, `payment_type`, `is_cost_with_dscount`) VALUES ('144', '99999999.99', 'cash', 1);
INSERT INTO `payment` (`id`, `payment_value`, `payment_type`, `is_cost_with_dscount`) VALUES ('145', '93.13', 'cash', 0);
INSERT INTO `payment` (`id`, `payment_value`, `payment_type`, `is_cost_with_dscount`) VALUES ('146', '381.88', 'cash', 0);
INSERT INTO `payment` (`id`, `payment_value`, `payment_type`, `is_cost_with_dscount`) VALUES ('147', '427781.85', 'cash', 0);
INSERT INTO `payment` (`id`, `payment_value`, `payment_type`, `is_cost_with_dscount`) VALUES ('148', '92641465.74', 'card', 1);
INSERT INTO `payment` (`id`, `payment_value`, `payment_type`, `is_cost_with_dscount`) VALUES ('149', '18111487.08', 'card', 0);
INSERT INTO `payment` (`id`, `payment_value`, `payment_type`, `is_cost_with_dscount`) VALUES ('150', '2.78', 'cash', 1);


#
# TABLE STRUCTURE FOR: discount
#

INSERT INTO `discount` (`id`, `discount_name`, `disount_value`) VALUES (1, 'ut', '2.00');
INSERT INTO `discount` (`id`, `discount_name`, `disount_value`) VALUES (2, 'voluptas', '1.00');
INSERT INTO `discount` (`id`, `discount_name`, `disount_value`) VALUES (3, 'eveniet', '7.00');
INSERT INTO `discount` (`id`, `discount_name`, `disount_value`) VALUES (4, 'accusamus', '0.00');
INSERT INTO `discount` (`id`, `discount_name`, `disount_value`) VALUES (5, 'ratione', '9.00');
INSERT INTO `discount` (`id`, `discount_name`, `disount_value`) VALUES (6, 'autem', '5.00');
INSERT INTO `discount` (`id`, `discount_name`, `disount_value`) VALUES (7, 'beatae', '8.00');


#
# TABLE STRUCTURE FOR: discount_payment
#

INSERT INTO `discount_payment` (`discount_id`, `payment_id`) VALUES (1, '1');
INSERT INTO `discount_payment` (`discount_id`, `payment_id`) VALUES (2, '2');
INSERT INTO `discount_payment` (`discount_id`, `payment_id`) VALUES (3, '3');
INSERT INTO `discount_payment` (`discount_id`, `payment_id`) VALUES (4, '4');
INSERT INTO `discount_payment` (`discount_id`, `payment_id`) VALUES (5, '5');
INSERT INTO `discount_payment` (`discount_id`, `payment_id`) VALUES (6, '6');
INSERT INTO `discount_payment` (`discount_id`, `payment_id`) VALUES (7, '7');
INSERT INTO `discount_payment` (`discount_id`, `payment_id`) VALUES (1, '8');
INSERT INTO `discount_payment` (`discount_id`, `payment_id`) VALUES (2, '9');
INSERT INTO `discount_payment` (`discount_id`, `payment_id`) VALUES (3, '10');
INSERT INTO `discount_payment` (`discount_id`, `payment_id`) VALUES (4, '11');
INSERT INTO `discount_payment` (`discount_id`, `payment_id`) VALUES (5, '12');
INSERT INTO `discount_payment` (`discount_id`, `payment_id`) VALUES (6, '13');
INSERT INTO `discount_payment` (`discount_id`, `payment_id`) VALUES (7, '14');
INSERT INTO `discount_payment` (`discount_id`, `payment_id`) VALUES (1, '15');
INSERT INTO `discount_payment` (`discount_id`, `payment_id`) VALUES (2, '16');
INSERT INTO `discount_payment` (`discount_id`, `payment_id`) VALUES (3, '17');
INSERT INTO `discount_payment` (`discount_id`, `payment_id`) VALUES (4, '18');
INSERT INTO `discount_payment` (`discount_id`, `payment_id`) VALUES (5, '19');
INSERT INTO `discount_payment` (`discount_id`, `payment_id`) VALUES (6, '20');
INSERT INTO `discount_payment` (`discount_id`, `payment_id`) VALUES (7, '21');
INSERT INTO `discount_payment` (`discount_id`, `payment_id`) VALUES (1, '22');
INSERT INTO `discount_payment` (`discount_id`, `payment_id`) VALUES (2, '23');
INSERT INTO `discount_payment` (`discount_id`, `payment_id`) VALUES (3, '24');
INSERT INTO `discount_payment` (`discount_id`, `payment_id`) VALUES (4, '25');
INSERT INTO `discount_payment` (`discount_id`, `payment_id`) VALUES (5, '26');
INSERT INTO `discount_payment` (`discount_id`, `payment_id`) VALUES (6, '27');
INSERT INTO `discount_payment` (`discount_id`, `payment_id`) VALUES (7, '28');
INSERT INTO `discount_payment` (`discount_id`, `payment_id`) VALUES (1, '29');
INSERT INTO `discount_payment` (`discount_id`, `payment_id`) VALUES (2, '30');
INSERT INTO `discount_payment` (`discount_id`, `payment_id`) VALUES (3, '31');
INSERT INTO `discount_payment` (`discount_id`, `payment_id`) VALUES (4, '32');
INSERT INTO `discount_payment` (`discount_id`, `payment_id`) VALUES (5, '33');
INSERT INTO `discount_payment` (`discount_id`, `payment_id`) VALUES (6, '34');
INSERT INTO `discount_payment` (`discount_id`, `payment_id`) VALUES (7, '35');
INSERT INTO `discount_payment` (`discount_id`, `payment_id`) VALUES (1, '36');
INSERT INTO `discount_payment` (`discount_id`, `payment_id`) VALUES (2, '37');
INSERT INTO `discount_payment` (`discount_id`, `payment_id`) VALUES (3, '38');
INSERT INTO `discount_payment` (`discount_id`, `payment_id`) VALUES (4, '39');
INSERT INTO `discount_payment` (`discount_id`, `payment_id`) VALUES (5, '40');
INSERT INTO `discount_payment` (`discount_id`, `payment_id`) VALUES (6, '41');
INSERT INTO `discount_payment` (`discount_id`, `payment_id`) VALUES (7, '42');
INSERT INTO `discount_payment` (`discount_id`, `payment_id`) VALUES (1, '43');
INSERT INTO `discount_payment` (`discount_id`, `payment_id`) VALUES (2, '44');
INSERT INTO `discount_payment` (`discount_id`, `payment_id`) VALUES (3, '45');
INSERT INTO `discount_payment` (`discount_id`, `payment_id`) VALUES (4, '46');
INSERT INTO `discount_payment` (`discount_id`, `payment_id`) VALUES (5, '47');
INSERT INTO `discount_payment` (`discount_id`, `payment_id`) VALUES (6, '48');
INSERT INTO `discount_payment` (`discount_id`, `payment_id`) VALUES (7, '49');
INSERT INTO `discount_payment` (`discount_id`, `payment_id`) VALUES (1, '50');
INSERT INTO `discount_payment` (`discount_id`, `payment_id`) VALUES (2, '51');
INSERT INTO `discount_payment` (`discount_id`, `payment_id`) VALUES (3, '52');
INSERT INTO `discount_payment` (`discount_id`, `payment_id`) VALUES (4, '53');
INSERT INTO `discount_payment` (`discount_id`, `payment_id`) VALUES (5, '54');
INSERT INTO `discount_payment` (`discount_id`, `payment_id`) VALUES (6, '55');
INSERT INTO `discount_payment` (`discount_id`, `payment_id`) VALUES (7, '56');
INSERT INTO `discount_payment` (`discount_id`, `payment_id`) VALUES (1, '57');
INSERT INTO `discount_payment` (`discount_id`, `payment_id`) VALUES (2, '58');
INSERT INTO `discount_payment` (`discount_id`, `payment_id`) VALUES (3, '59');
INSERT INTO `discount_payment` (`discount_id`, `payment_id`) VALUES (4, '60');

#
# TABLE STRUCTURE FOR: user_rent
#

INSERT INTO `user_rent` (`id`, `rent_type`, `service_user_id`, `place_of_rent_id`, `payment_id`, `lease_period_id`, `worker_id`) VALUES ('1', 'now', 1, 1, '1', '1', 1);
INSERT INTO `user_rent` (`id`, `rent_type`, `service_user_id`, `place_of_rent_id`, `payment_id`, `lease_period_id`, `worker_id`) VALUES ('2', 'book', 2, 2, '2', '2', 2);
INSERT INTO `user_rent` (`id`, `rent_type`, `service_user_id`, `place_of_rent_id`, `payment_id`, `lease_period_id`, `worker_id`) VALUES ('3', 'book', 3, 3, '3', '3', 3);
INSERT INTO `user_rent` (`id`, `rent_type`, `service_user_id`, `place_of_rent_id`, `payment_id`, `lease_period_id`, `worker_id`) VALUES ('4', 'now', 4, 4, '4', '4', 4);
INSERT INTO `user_rent` (`id`, `rent_type`, `service_user_id`, `place_of_rent_id`, `payment_id`, `lease_period_id`, `worker_id`) VALUES ('5', 'book', 5, 5, '5', '5', 5);
INSERT INTO `user_rent` (`id`, `rent_type`, `service_user_id`, `place_of_rent_id`, `payment_id`, `lease_period_id`, `worker_id`) VALUES ('6', 'now', 6, 6, '6', '6', 6);
INSERT INTO `user_rent` (`id`, `rent_type`, `service_user_id`, `place_of_rent_id`, `payment_id`, `lease_period_id`, `worker_id`) VALUES ('7', 'now', 7, 7, '7', '7', 7);
INSERT INTO `user_rent` (`id`, `rent_type`, `service_user_id`, `place_of_rent_id`, `payment_id`, `lease_period_id`, `worker_id`) VALUES ('8', 'book', 8, 8, '8', '8', 8);
INSERT INTO `user_rent` (`id`, `rent_type`, `service_user_id`, `place_of_rent_id`, `payment_id`, `lease_period_id`, `worker_id`) VALUES ('9', 'book', 9, 9, '9', '9', 9);
INSERT INTO `user_rent` (`id`, `rent_type`, `service_user_id`, `place_of_rent_id`, `payment_id`, `lease_period_id`, `worker_id`) VALUES ('10', 'book', 10, 10, '10', '10', 10);
INSERT INTO `user_rent` (`id`, `rent_type`, `service_user_id`, `place_of_rent_id`, `payment_id`, `lease_period_id`, `worker_id`) VALUES ('11', 'book', 11, 11, '11', '11', 11);
INSERT INTO `user_rent` (`id`, `rent_type`, `service_user_id`, `place_of_rent_id`, `payment_id`, `lease_period_id`, `worker_id`) VALUES ('12', 'book', 12, 12, '12', '12', 12);
INSERT INTO `user_rent` (`id`, `rent_type`, `service_user_id`, `place_of_rent_id`, `payment_id`, `lease_period_id`, `worker_id`) VALUES ('13', 'now', 13, 1, '13', '13', 13);
INSERT INTO `user_rent` (`id`, `rent_type`, `service_user_id`, `place_of_rent_id`, `payment_id`, `lease_period_id`, `worker_id`) VALUES ('14', 'book', 14, 2, '14', '14', 14);
INSERT INTO `user_rent` (`id`, `rent_type`, `service_user_id`, `place_of_rent_id`, `payment_id`, `lease_period_id`, `worker_id`) VALUES ('15', 'book', 15, 3, '15', '15', 15);
INSERT INTO `user_rent` (`id`, `rent_type`, `service_user_id`, `place_of_rent_id`, `payment_id`, `lease_period_id`, `worker_id`) VALUES ('16', 'now', 16, 4, '16', '16', 16);
INSERT INTO `user_rent` (`id`, `rent_type`, `service_user_id`, `place_of_rent_id`, `payment_id`, `lease_period_id`, `worker_id`) VALUES ('17', 'book', 17, 5, '17', '17', 17);
INSERT INTO `user_rent` (`id`, `rent_type`, `service_user_id`, `place_of_rent_id`, `payment_id`, `lease_period_id`, `worker_id`) VALUES ('18', 'now', 18, 6, '18', '18', 18);
INSERT INTO `user_rent` (`id`, `rent_type`, `service_user_id`, `place_of_rent_id`, `payment_id`, `lease_period_id`, `worker_id`) VALUES ('19', 'now', 19, 7, '19', '19', 19);
INSERT INTO `user_rent` (`id`, `rent_type`, `service_user_id`, `place_of_rent_id`, `payment_id`, `lease_period_id`, `worker_id`) VALUES ('20', 'book', 20, 8, '20', '20', 20);
INSERT INTO `user_rent` (`id`, `rent_type`, `service_user_id`, `place_of_rent_id`, `payment_id`, `lease_period_id`, `worker_id`) VALUES ('21', 'now', 21, 9, '21', '21', 1);
INSERT INTO `user_rent` (`id`, `rent_type`, `service_user_id`, `place_of_rent_id`, `payment_id`, `lease_period_id`, `worker_id`) VALUES ('22', 'book', 22, 10, '22', '22', 2);
INSERT INTO `user_rent` (`id`, `rent_type`, `service_user_id`, `place_of_rent_id`, `payment_id`, `lease_period_id`, `worker_id`) VALUES ('23', 'book', 23, 11, '23', '23', 3);
INSERT INTO `user_rent` (`id`, `rent_type`, `service_user_id`, `place_of_rent_id`, `payment_id`, `lease_period_id`, `worker_id`) VALUES ('24', 'book', 24, 12, '24', '24', 4);
INSERT INTO `user_rent` (`id`, `rent_type`, `service_user_id`, `place_of_rent_id`, `payment_id`, `lease_period_id`, `worker_id`) VALUES ('25', 'book', 25, 1, '25', '25', 5);
INSERT INTO `user_rent` (`id`, `rent_type`, `service_user_id`, `place_of_rent_id`, `payment_id`, `lease_period_id`, `worker_id`) VALUES ('26', 'book', 26, 2, '26', '26', 6);
INSERT INTO `user_rent` (`id`, `rent_type`, `service_user_id`, `place_of_rent_id`, `payment_id`, `lease_period_id`, `worker_id`) VALUES ('27', 'book', 27, 3, '27', '27', 7);
INSERT INTO `user_rent` (`id`, `rent_type`, `service_user_id`, `place_of_rent_id`, `payment_id`, `lease_period_id`, `worker_id`) VALUES ('28', 'book', 28, 4, '28', '28', 8);
INSERT INTO `user_rent` (`id`, `rent_type`, `service_user_id`, `place_of_rent_id`, `payment_id`, `lease_period_id`, `worker_id`) VALUES ('29', 'now', 29, 5, '29', '29', 9);
INSERT INTO `user_rent` (`id`, `rent_type`, `service_user_id`, `place_of_rent_id`, `payment_id`, `lease_period_id`, `worker_id`) VALUES ('30', 'now', 30, 6, '30', '30', 10);
INSERT INTO `user_rent` (`id`, `rent_type`, `service_user_id`, `place_of_rent_id`, `payment_id`, `lease_period_id`, `worker_id`) VALUES ('31', 'book', 31, 7, '31', '31', 11);
INSERT INTO `user_rent` (`id`, `rent_type`, `service_user_id`, `place_of_rent_id`, `payment_id`, `lease_period_id`, `worker_id`) VALUES ('32', 'book', 32, 8, '32', '32', 12);
INSERT INTO `user_rent` (`id`, `rent_type`, `service_user_id`, `place_of_rent_id`, `payment_id`, `lease_period_id`, `worker_id`) VALUES ('33', 'now', 33, 9, '33', '33', 13);
INSERT INTO `user_rent` (`id`, `rent_type`, `service_user_id`, `place_of_rent_id`, `payment_id`, `lease_period_id`, `worker_id`) VALUES ('34', 'book', 34, 10, '34', '34', 14);
INSERT INTO `user_rent` (`id`, `rent_type`, `service_user_id`, `place_of_rent_id`, `payment_id`, `lease_period_id`, `worker_id`) VALUES ('35', 'book', 35, 11, '35', '35', 15);
INSERT INTO `user_rent` (`id`, `rent_type`, `service_user_id`, `place_of_rent_id`, `payment_id`, `lease_period_id`, `worker_id`) VALUES ('36', 'now', 36, 12, '36', '36', 16);
INSERT INTO `user_rent` (`id`, `rent_type`, `service_user_id`, `place_of_rent_id`, `payment_id`, `lease_period_id`, `worker_id`) VALUES ('37', 'book', 37, 1, '37', '37', 17);
INSERT INTO `user_rent` (`id`, `rent_type`, `service_user_id`, `place_of_rent_id`, `payment_id`, `lease_period_id`, `worker_id`) VALUES ('38', 'book', 38, 2, '38', '38', 18);
INSERT INTO `user_rent` (`id`, `rent_type`, `service_user_id`, `place_of_rent_id`, `payment_id`, `lease_period_id`, `worker_id`) VALUES ('39', 'now', 39, 3, '39', '39', 19);
INSERT INTO `user_rent` (`id`, `rent_type`, `service_user_id`, `place_of_rent_id`, `payment_id`, `lease_period_id`, `worker_id`) VALUES ('40', 'book', 40, 4, '40', '40', 20);
INSERT INTO `user_rent` (`id`, `rent_type`, `service_user_id`, `place_of_rent_id`, `payment_id`, `lease_period_id`, `worker_id`) VALUES ('41', 'book', 41, 5, '41', '41', 1);
INSERT INTO `user_rent` (`id`, `rent_type`, `service_user_id`, `place_of_rent_id`, `payment_id`, `lease_period_id`, `worker_id`) VALUES ('42', 'now', 42, 6, '42', '42', 2);
INSERT INTO `user_rent` (`id`, `rent_type`, `service_user_id`, `place_of_rent_id`, `payment_id`, `lease_period_id`, `worker_id`) VALUES ('43', 'now', 43, 7, '43', '43', 3);
INSERT INTO `user_rent` (`id`, `rent_type`, `service_user_id`, `place_of_rent_id`, `payment_id`, `lease_period_id`, `worker_id`) VALUES ('44', 'book', 44, 8, '44', '44', 4);
INSERT INTO `user_rent` (`id`, `rent_type`, `service_user_id`, `place_of_rent_id`, `payment_id`, `lease_period_id`, `worker_id`) VALUES ('45', 'now', 45, 9, '45', '45', 5);
INSERT INTO `user_rent` (`id`, `rent_type`, `service_user_id`, `place_of_rent_id`, `payment_id`, `lease_period_id`, `worker_id`) VALUES ('46', 'now', 46, 10, '46', '46', 6);
INSERT INTO `user_rent` (`id`, `rent_type`, `service_user_id`, `place_of_rent_id`, `payment_id`, `lease_period_id`, `worker_id`) VALUES ('47', 'book', 47, 11, '47', '47', 7);
INSERT INTO `user_rent` (`id`, `rent_type`, `service_user_id`, `place_of_rent_id`, `payment_id`, `lease_period_id`, `worker_id`) VALUES ('48', 'book', 48, 12, '48', '48', 8);
INSERT INTO `user_rent` (`id`, `rent_type`, `service_user_id`, `place_of_rent_id`, `payment_id`, `lease_period_id`, `worker_id`) VALUES ('49', 'book', 49, 1, '49', '49', 9);
INSERT INTO `user_rent` (`id`, `rent_type`, `service_user_id`, `place_of_rent_id`, `payment_id`, `lease_period_id`, `worker_id`) VALUES ('50', 'now', 50, 2, '50', '50', 10);
INSERT INTO `user_rent` (`id`, `rent_type`, `service_user_id`, `place_of_rent_id`, `payment_id`, `lease_period_id`, `worker_id`) VALUES ('51', 'book', 51, 3, '51', '51', 11);
INSERT INTO `user_rent` (`id`, `rent_type`, `service_user_id`, `place_of_rent_id`, `payment_id`, `lease_period_id`, `worker_id`) VALUES ('52', 'now', 52, 4, '52', '52', 12);
INSERT INTO `user_rent` (`id`, `rent_type`, `service_user_id`, `place_of_rent_id`, `payment_id`, `lease_period_id`, `worker_id`) VALUES ('53', 'book', 53, 5, '53', '53', 13);
INSERT INTO `user_rent` (`id`, `rent_type`, `service_user_id`, `place_of_rent_id`, `payment_id`, `lease_period_id`, `worker_id`) VALUES ('54', 'book', 54, 6, '54', '54', 14);
INSERT INTO `user_rent` (`id`, `rent_type`, `service_user_id`, `place_of_rent_id`, `payment_id`, `lease_period_id`, `worker_id`) VALUES ('55', 'now', 55, 7, '55', '55', 15);
INSERT INTO `user_rent` (`id`, `rent_type`, `service_user_id`, `place_of_rent_id`, `payment_id`, `lease_period_id`, `worker_id`) VALUES ('56', 'book', 56, 8, '56', '56', 16);
INSERT INTO `user_rent` (`id`, `rent_type`, `service_user_id`, `place_of_rent_id`, `payment_id`, `lease_period_id`, `worker_id`) VALUES ('57', 'now', 57, 9, '57', '57', 17);
INSERT INTO `user_rent` (`id`, `rent_type`, `service_user_id`, `place_of_rent_id`, `payment_id`, `lease_period_id`, `worker_id`) VALUES ('58', 'now', 58, 10, '58', '58', 18);
INSERT INTO `user_rent` (`id`, `rent_type`, `service_user_id`, `place_of_rent_id`, `payment_id`, `lease_period_id`, `worker_id`) VALUES ('59', 'book', 59, 11, '59', '59', 19);
INSERT INTO `user_rent` (`id`, `rent_type`, `service_user_id`, `place_of_rent_id`, `payment_id`, `lease_period_id`, `worker_id`) VALUES ('60', 'now', 60, 12, '60', '60', 20);
INSERT INTO `user_rent` (`id`, `rent_type`, `service_user_id`, `place_of_rent_id`, `payment_id`, `lease_period_id`, `worker_id`) VALUES ('61', 'now', 61, 1, '61', '61', 1);
INSERT INTO `user_rent` (`id`, `rent_type`, `service_user_id`, `place_of_rent_id`, `payment_id`, `lease_period_id`, `worker_id`) VALUES ('62', 'now', 62, 2, '62', '62', 2);
INSERT INTO `user_rent` (`id`, `rent_type`, `service_user_id`, `place_of_rent_id`, `payment_id`, `lease_period_id`, `worker_id`) VALUES ('63', 'book', 63, 3, '63', '63', 3);
INSERT INTO `user_rent` (`id`, `rent_type`, `service_user_id`, `place_of_rent_id`, `payment_id`, `lease_period_id`, `worker_id`) VALUES ('64', 'now', 64, 4, '64', '64', 4);
INSERT INTO `user_rent` (`id`, `rent_type`, `service_user_id`, `place_of_rent_id`, `payment_id`, `lease_period_id`, `worker_id`) VALUES ('65', 'book', 65, 5, '65', '65', 5);
INSERT INTO `user_rent` (`id`, `rent_type`, `service_user_id`, `place_of_rent_id`, `payment_id`, `lease_period_id`, `worker_id`) VALUES ('66', 'book', 66, 6, '66', '66', 6);
INSERT INTO `user_rent` (`id`, `rent_type`, `service_user_id`, `place_of_rent_id`, `payment_id`, `lease_period_id`, `worker_id`) VALUES ('67', 'book', 67, 7, '67', '67', 7);
INSERT INTO `user_rent` (`id`, `rent_type`, `service_user_id`, `place_of_rent_id`, `payment_id`, `lease_period_id`, `worker_id`) VALUES ('68', 'now', 68, 8, '68', '68', 8);
INSERT INTO `user_rent` (`id`, `rent_type`, `service_user_id`, `place_of_rent_id`, `payment_id`, `lease_period_id`, `worker_id`) VALUES ('69', 'now', 69, 9, '69', '69', 9);
INSERT INTO `user_rent` (`id`, `rent_type`, `service_user_id`, `place_of_rent_id`, `payment_id`, `lease_period_id`, `worker_id`) VALUES ('70', 'now', 70, 10, '70', '70', 10);
INSERT INTO `user_rent` (`id`, `rent_type`, `service_user_id`, `place_of_rent_id`, `payment_id`, `lease_period_id`, `worker_id`) VALUES ('71', 'book', 71, 11, '71', '71', 11);
INSERT INTO `user_rent` (`id`, `rent_type`, `service_user_id`, `place_of_rent_id`, `payment_id`, `lease_period_id`, `worker_id`) VALUES ('72', 'book', 72, 12, '72', '72', 12);
INSERT INTO `user_rent` (`id`, `rent_type`, `service_user_id`, `place_of_rent_id`, `payment_id`, `lease_period_id`, `worker_id`) VALUES ('73', 'book', 73, 1, '73', '73', 13);
INSERT INTO `user_rent` (`id`, `rent_type`, `service_user_id`, `place_of_rent_id`, `payment_id`, `lease_period_id`, `worker_id`) VALUES ('74', 'book', 74, 2, '74', '74', 14);
INSERT INTO `user_rent` (`id`, `rent_type`, `service_user_id`, `place_of_rent_id`, `payment_id`, `lease_period_id`, `worker_id`) VALUES ('75', 'now', 75, 3, '75', '75', 15);
INSERT INTO `user_rent` (`id`, `rent_type`, `service_user_id`, `place_of_rent_id`, `payment_id`, `lease_period_id`, `worker_id`) VALUES ('76', 'book', 76, 4, '76', '76', 16);
INSERT INTO `user_rent` (`id`, `rent_type`, `service_user_id`, `place_of_rent_id`, `payment_id`, `lease_period_id`, `worker_id`) VALUES ('77', 'now', 77, 5, '77', '77', 17);
INSERT INTO `user_rent` (`id`, `rent_type`, `service_user_id`, `place_of_rent_id`, `payment_id`, `lease_period_id`, `worker_id`) VALUES ('78', 'now', 78, 6, '78', '78', 18);
INSERT INTO `user_rent` (`id`, `rent_type`, `service_user_id`, `place_of_rent_id`, `payment_id`, `lease_period_id`, `worker_id`) VALUES ('79', 'book', 79, 7, '79', '79', 19);
INSERT INTO `user_rent` (`id`, `rent_type`, `service_user_id`, `place_of_rent_id`, `payment_id`, `lease_period_id`, `worker_id`) VALUES ('80', 'now', 80, 8, '80', '80', 20);
INSERT INTO `user_rent` (`id`, `rent_type`, `service_user_id`, `place_of_rent_id`, `payment_id`, `lease_period_id`, `worker_id`) VALUES ('81', 'now', 81, 9, '81', '81', 1);
INSERT INTO `user_rent` (`id`, `rent_type`, `service_user_id`, `place_of_rent_id`, `payment_id`, `lease_period_id`, `worker_id`) VALUES ('82', 'now', 82, 10, '82', '82', 2);
INSERT INTO `user_rent` (`id`, `rent_type`, `service_user_id`, `place_of_rent_id`, `payment_id`, `lease_period_id`, `worker_id`) VALUES ('83', 'book', 83, 11, '83', '83', 3);
INSERT INTO `user_rent` (`id`, `rent_type`, `service_user_id`, `place_of_rent_id`, `payment_id`, `lease_period_id`, `worker_id`) VALUES ('84', 'now', 84, 12, '84', '84', 4);
INSERT INTO `user_rent` (`id`, `rent_type`, `service_user_id`, `place_of_rent_id`, `payment_id`, `lease_period_id`, `worker_id`) VALUES ('85', 'book', 85, 1, '85', '85', 5);
INSERT INTO `user_rent` (`id`, `rent_type`, `service_user_id`, `place_of_rent_id`, `payment_id`, `lease_period_id`, `worker_id`) VALUES ('86', 'now', 86, 2, '86', '86', 6);
INSERT INTO `user_rent` (`id`, `rent_type`, `service_user_id`, `place_of_rent_id`, `payment_id`, `lease_period_id`, `worker_id`) VALUES ('87', 'now', 87, 3, '87', '87', 7);
INSERT INTO `user_rent` (`id`, `rent_type`, `service_user_id`, `place_of_rent_id`, `payment_id`, `lease_period_id`, `worker_id`) VALUES ('88', 'now', 88, 4, '88', '88', 8);
INSERT INTO `user_rent` (`id`, `rent_type`, `service_user_id`, `place_of_rent_id`, `payment_id`, `lease_period_id`, `worker_id`) VALUES ('89', 'book', 89, 5, '89', '89', 9);
INSERT INTO `user_rent` (`id`, `rent_type`, `service_user_id`, `place_of_rent_id`, `payment_id`, `lease_period_id`, `worker_id`) VALUES ('90', 'now', 90, 6, '90', '90', 10);
INSERT INTO `user_rent` (`id`, `rent_type`, `service_user_id`, `place_of_rent_id`, `payment_id`, `lease_period_id`, `worker_id`) VALUES ('91', 'now', 91, 7, '91', '91', 11);
INSERT INTO `user_rent` (`id`, `rent_type`, `service_user_id`, `place_of_rent_id`, `payment_id`, `lease_period_id`, `worker_id`) VALUES ('92', 'now', 92, 8, '92', '92', 12);
INSERT INTO `user_rent` (`id`, `rent_type`, `service_user_id`, `place_of_rent_id`, `payment_id`, `lease_period_id`, `worker_id`) VALUES ('93', 'book', 93, 9, '93', '93', 13);
INSERT INTO `user_rent` (`id`, `rent_type`, `service_user_id`, `place_of_rent_id`, `payment_id`, `lease_period_id`, `worker_id`) VALUES ('94', 'book', 94, 10, '94', '94', 14);
INSERT INTO `user_rent` (`id`, `rent_type`, `service_user_id`, `place_of_rent_id`, `payment_id`, `lease_period_id`, `worker_id`) VALUES ('95', 'book', 95, 11, '95', '95', 15);
INSERT INTO `user_rent` (`id`, `rent_type`, `service_user_id`, `place_of_rent_id`, `payment_id`, `lease_period_id`, `worker_id`) VALUES ('96', 'book', 96, 12, '96', '96', 16);
INSERT INTO `user_rent` (`id`, `rent_type`, `service_user_id`, `place_of_rent_id`, `payment_id`, `lease_period_id`, `worker_id`) VALUES ('97', 'now', 97, 1, '97', '97', 17);
INSERT INTO `user_rent` (`id`, `rent_type`, `service_user_id`, `place_of_rent_id`, `payment_id`, `lease_period_id`, `worker_id`) VALUES ('98', 'book', 98, 2, '98', '98', 18);
INSERT INTO `user_rent` (`id`, `rent_type`, `service_user_id`, `place_of_rent_id`, `payment_id`, `lease_period_id`, `worker_id`) VALUES ('99', 'now', 99, 3, '99', '99', 19);
INSERT INTO `user_rent` (`id`, `rent_type`, `service_user_id`, `place_of_rent_id`, `payment_id`, `lease_period_id`, `worker_id`) VALUES ('100', 'now', 100, 4, '100', '100', 20);


#
# TABLE STRUCTURE FOR: user_rent_item
#

INSERT INTO `user_rent_item` (`user_rent_id`, `item_id`) VALUES ('1', '301');
INSERT INTO `user_rent_item` (`user_rent_id`, `item_id`) VALUES ('2', '302');
INSERT INTO `user_rent_item` (`user_rent_id`, `item_id`) VALUES ('3', '303');
INSERT INTO `user_rent_item` (`user_rent_id`, `item_id`) VALUES ('4', '304');
INSERT INTO `user_rent_item` (`user_rent_id`, `item_id`) VALUES ('5', '305');
INSERT INTO `user_rent_item` (`user_rent_id`, `item_id`) VALUES ('6', '306');
INSERT INTO `user_rent_item` (`user_rent_id`, `item_id`) VALUES ('7', '307');
INSERT INTO `user_rent_item` (`user_rent_id`, `item_id`) VALUES ('8', '308');
INSERT INTO `user_rent_item` (`user_rent_id`, `item_id`) VALUES ('9', '309');
INSERT INTO `user_rent_item` (`user_rent_id`, `item_id`) VALUES ('10', '310');
INSERT INTO `user_rent_item` (`user_rent_id`, `item_id`) VALUES ('11', '311');
INSERT INTO `user_rent_item` (`user_rent_id`, `item_id`) VALUES ('12', '312');
INSERT INTO `user_rent_item` (`user_rent_id`, `item_id`) VALUES ('13', '313');
INSERT INTO `user_rent_item` (`user_rent_id`, `item_id`) VALUES ('14', '314');
INSERT INTO `user_rent_item` (`user_rent_id`, `item_id`) VALUES ('15', '315');
INSERT INTO `user_rent_item` (`user_rent_id`, `item_id`) VALUES ('16', '316');
INSERT INTO `user_rent_item` (`user_rent_id`, `item_id`) VALUES ('17', '317');
INSERT INTO `user_rent_item` (`user_rent_id`, `item_id`) VALUES ('18', '318');
INSERT INTO `user_rent_item` (`user_rent_id`, `item_id`) VALUES ('19', '319');
INSERT INTO `user_rent_item` (`user_rent_id`, `item_id`) VALUES ('20', '320');
INSERT INTO `user_rent_item` (`user_rent_id`, `item_id`) VALUES ('21', '321');
INSERT INTO `user_rent_item` (`user_rent_id`, `item_id`) VALUES ('22', '322');
INSERT INTO `user_rent_item` (`user_rent_id`, `item_id`) VALUES ('23', '323');
INSERT INTO `user_rent_item` (`user_rent_id`, `item_id`) VALUES ('24', '324');
INSERT INTO `user_rent_item` (`user_rent_id`, `item_id`) VALUES ('25', '325');
INSERT INTO `user_rent_item` (`user_rent_id`, `item_id`) VALUES ('26', '326');
INSERT INTO `user_rent_item` (`user_rent_id`, `item_id`) VALUES ('27', '327');
INSERT INTO `user_rent_item` (`user_rent_id`, `item_id`) VALUES ('28', '328');
INSERT INTO `user_rent_item` (`user_rent_id`, `item_id`) VALUES ('29', '329');
INSERT INTO `user_rent_item` (`user_rent_id`, `item_id`) VALUES ('30', '330');
INSERT INTO `user_rent_item` (`user_rent_id`, `item_id`) VALUES ('31', '331');
INSERT INTO `user_rent_item` (`user_rent_id`, `item_id`) VALUES ('32', '332');
INSERT INTO `user_rent_item` (`user_rent_id`, `item_id`) VALUES ('33', '333');
INSERT INTO `user_rent_item` (`user_rent_id`, `item_id`) VALUES ('34', '334');
INSERT INTO `user_rent_item` (`user_rent_id`, `item_id`) VALUES ('35', '335');
INSERT INTO `user_rent_item` (`user_rent_id`, `item_id`) VALUES ('36', '336');
INSERT INTO `user_rent_item` (`user_rent_id`, `item_id`) VALUES ('37', '337');
INSERT INTO `user_rent_item` (`user_rent_id`, `item_id`) VALUES ('38', '338');
INSERT INTO `user_rent_item` (`user_rent_id`, `item_id`) VALUES ('39', '339');
INSERT INTO `user_rent_item` (`user_rent_id`, `item_id`) VALUES ('40', '340');
INSERT INTO `user_rent_item` (`user_rent_id`, `item_id`) VALUES ('41', '341');
INSERT INTO `user_rent_item` (`user_rent_id`, `item_id`) VALUES ('42', '342');
INSERT INTO `user_rent_item` (`user_rent_id`, `item_id`) VALUES ('43', '343');
INSERT INTO `user_rent_item` (`user_rent_id`, `item_id`) VALUES ('44', '344');
INSERT INTO `user_rent_item` (`user_rent_id`, `item_id`) VALUES ('45', '345');
INSERT INTO `user_rent_item` (`user_rent_id`, `item_id`) VALUES ('46', '346');
INSERT INTO `user_rent_item` (`user_rent_id`, `item_id`) VALUES ('47', '347');
INSERT INTO `user_rent_item` (`user_rent_id`, `item_id`) VALUES ('48', '348');
INSERT INTO `user_rent_item` (`user_rent_id`, `item_id`) VALUES ('49', '349');
INSERT INTO `user_rent_item` (`user_rent_id`, `item_id`) VALUES ('50', '350');
INSERT INTO `user_rent_item` (`user_rent_id`, `item_id`) VALUES ('51', '351');
INSERT INTO `user_rent_item` (`user_rent_id`, `item_id`) VALUES ('52', '352');
INSERT INTO `user_rent_item` (`user_rent_id`, `item_id`) VALUES ('53', '353');
INSERT INTO `user_rent_item` (`user_rent_id`, `item_id`) VALUES ('54', '354');
INSERT INTO `user_rent_item` (`user_rent_id`, `item_id`) VALUES ('55', '355');
INSERT INTO `user_rent_item` (`user_rent_id`, `item_id`) VALUES ('56', '356');
INSERT INTO `user_rent_item` (`user_rent_id`, `item_id`) VALUES ('57', '357');
INSERT INTO `user_rent_item` (`user_rent_id`, `item_id`) VALUES ('58', '358');
INSERT INTO `user_rent_item` (`user_rent_id`, `item_id`) VALUES ('59', '359');
INSERT INTO `user_rent_item` (`user_rent_id`, `item_id`) VALUES ('60', '360');
INSERT INTO `user_rent_item` (`user_rent_id`, `item_id`) VALUES ('61', '361');
INSERT INTO `user_rent_item` (`user_rent_id`, `item_id`) VALUES ('62', '362');
INSERT INTO `user_rent_item` (`user_rent_id`, `item_id`) VALUES ('63', '363');
INSERT INTO `user_rent_item` (`user_rent_id`, `item_id`) VALUES ('64', '364');
INSERT INTO `user_rent_item` (`user_rent_id`, `item_id`) VALUES ('65', '365');
INSERT INTO `user_rent_item` (`user_rent_id`, `item_id`) VALUES ('66', '366');
INSERT INTO `user_rent_item` (`user_rent_id`, `item_id`) VALUES ('67', '367');
INSERT INTO `user_rent_item` (`user_rent_id`, `item_id`) VALUES ('68', '368');
INSERT INTO `user_rent_item` (`user_rent_id`, `item_id`) VALUES ('69', '369');
INSERT INTO `user_rent_item` (`user_rent_id`, `item_id`) VALUES ('70', '370');
INSERT INTO `user_rent_item` (`user_rent_id`, `item_id`) VALUES ('71', '371');
INSERT INTO `user_rent_item` (`user_rent_id`, `item_id`) VALUES ('72', '372');
INSERT INTO `user_rent_item` (`user_rent_id`, `item_id`) VALUES ('73', '373');
INSERT INTO `user_rent_item` (`user_rent_id`, `item_id`) VALUES ('74', '374');
INSERT INTO `user_rent_item` (`user_rent_id`, `item_id`) VALUES ('75', '375');
INSERT INTO `user_rent_item` (`user_rent_id`, `item_id`) VALUES ('76', '376');
INSERT INTO `user_rent_item` (`user_rent_id`, `item_id`) VALUES ('77', '377');
INSERT INTO `user_rent_item` (`user_rent_id`, `item_id`) VALUES ('78', '378');
INSERT INTO `user_rent_item` (`user_rent_id`, `item_id`) VALUES ('79', '379');
INSERT INTO `user_rent_item` (`user_rent_id`, `item_id`) VALUES ('80', '380');
INSERT INTO `user_rent_item` (`user_rent_id`, `item_id`) VALUES ('81', '381');
INSERT INTO `user_rent_item` (`user_rent_id`, `item_id`) VALUES ('82', '382');
INSERT INTO `user_rent_item` (`user_rent_id`, `item_id`) VALUES ('83', '383');
INSERT INTO `user_rent_item` (`user_rent_id`, `item_id`) VALUES ('84', '384');
INSERT INTO `user_rent_item` (`user_rent_id`, `item_id`) VALUES ('85', '385');
INSERT INTO `user_rent_item` (`user_rent_id`, `item_id`) VALUES ('86', '386');
INSERT INTO `user_rent_item` (`user_rent_id`, `item_id`) VALUES ('87', '387');
INSERT INTO `user_rent_item` (`user_rent_id`, `item_id`) VALUES ('88', '388');
INSERT INTO `user_rent_item` (`user_rent_id`, `item_id`) VALUES ('89', '389');
INSERT INTO `user_rent_item` (`user_rent_id`, `item_id`) VALUES ('90', '390');
INSERT INTO `user_rent_item` (`user_rent_id`, `item_id`) VALUES ('91', '391');
INSERT INTO `user_rent_item` (`user_rent_id`, `item_id`) VALUES ('92', '392');
INSERT INTO `user_rent_item` (`user_rent_id`, `item_id`) VALUES ('93', '393');
INSERT INTO `user_rent_item` (`user_rent_id`, `item_id`) VALUES ('94', '394');
INSERT INTO `user_rent_item` (`user_rent_id`, `item_id`) VALUES ('95', '395');
INSERT INTO `user_rent_item` (`user_rent_id`, `item_id`) VALUES ('96', '396');
INSERT INTO `user_rent_item` (`user_rent_id`, `item_id`) VALUES ('97', '397');
INSERT INTO `user_rent_item` (`user_rent_id`, `item_id`) VALUES ('98', '398');
INSERT INTO `user_rent_item` (`user_rent_id`, `item_id`) VALUES ('99', '399');
INSERT INTO `user_rent_item` (`user_rent_id`, `item_id`) VALUES ('100', '400');
INSERT INTO `user_rent_item` (`user_rent_id`, `item_id`) VALUES ('1', '401');
INSERT INTO `user_rent_item` (`user_rent_id`, `item_id`) VALUES ('2', '402');
INSERT INTO `user_rent_item` (`user_rent_id`, `item_id`) VALUES ('3', '403');
INSERT INTO `user_rent_item` (`user_rent_id`, `item_id`) VALUES ('4', '404');
INSERT INTO `user_rent_item` (`user_rent_id`, `item_id`) VALUES ('5', '405');
INSERT INTO `user_rent_item` (`user_rent_id`, `item_id`) VALUES ('6', '406');
INSERT INTO `user_rent_item` (`user_rent_id`, `item_id`) VALUES ('7', '407');
INSERT INTO `user_rent_item` (`user_rent_id`, `item_id`) VALUES ('8', '408');
INSERT INTO `user_rent_item` (`user_rent_id`, `item_id`) VALUES ('9', '409');
INSERT INTO `user_rent_item` (`user_rent_id`, `item_id`) VALUES ('10', '410');
INSERT INTO `user_rent_item` (`user_rent_id`, `item_id`) VALUES ('11', '411');
INSERT INTO `user_rent_item` (`user_rent_id`, `item_id`) VALUES ('12', '412');
INSERT INTO `user_rent_item` (`user_rent_id`, `item_id`) VALUES ('13', '413');
INSERT INTO `user_rent_item` (`user_rent_id`, `item_id`) VALUES ('14', '414');
INSERT INTO `user_rent_item` (`user_rent_id`, `item_id`) VALUES ('15', '415');
INSERT INTO `user_rent_item` (`user_rent_id`, `item_id`) VALUES ('16', '416');
INSERT INTO `user_rent_item` (`user_rent_id`, `item_id`) VALUES ('17', '417');
INSERT INTO `user_rent_item` (`user_rent_id`, `item_id`) VALUES ('18', '418');
INSERT INTO `user_rent_item` (`user_rent_id`, `item_id`) VALUES ('19', '419');
INSERT INTO `user_rent_item` (`user_rent_id`, `item_id`) VALUES ('20', '420');
INSERT INTO `user_rent_item` (`user_rent_id`, `item_id`) VALUES ('21', '421');
INSERT INTO `user_rent_item` (`user_rent_id`, `item_id`) VALUES ('22', '422');
INSERT INTO `user_rent_item` (`user_rent_id`, `item_id`) VALUES ('23', '423');
INSERT INTO `user_rent_item` (`user_rent_id`, `item_id`) VALUES ('24', '424');
INSERT INTO `user_rent_item` (`user_rent_id`, `item_id`) VALUES ('25', '425');
INSERT INTO `user_rent_item` (`user_rent_id`, `item_id`) VALUES ('26', '426');
INSERT INTO `user_rent_item` (`user_rent_id`, `item_id`) VALUES ('27', '427');
INSERT INTO `user_rent_item` (`user_rent_id`, `item_id`) VALUES ('28', '428');
INSERT INTO `user_rent_item` (`user_rent_id`, `item_id`) VALUES ('29', '429');
INSERT INTO `user_rent_item` (`user_rent_id`, `item_id`) VALUES ('30', '430');
INSERT INTO `user_rent_item` (`user_rent_id`, `item_id`) VALUES ('31', '431');
INSERT INTO `user_rent_item` (`user_rent_id`, `item_id`) VALUES ('32', '432');
INSERT INTO `user_rent_item` (`user_rent_id`, `item_id`) VALUES ('33', '433');
INSERT INTO `user_rent_item` (`user_rent_id`, `item_id`) VALUES ('34', '434');
INSERT INTO `user_rent_item` (`user_rent_id`, `item_id`) VALUES ('35', '435');
INSERT INTO `user_rent_item` (`user_rent_id`, `item_id`) VALUES ('36', '436');
INSERT INTO `user_rent_item` (`user_rent_id`, `item_id`) VALUES ('37', '437');
INSERT INTO `user_rent_item` (`user_rent_id`, `item_id`) VALUES ('38', '438');
INSERT INTO `user_rent_item` (`user_rent_id`, `item_id`) VALUES ('39', '439');
INSERT INTO `user_rent_item` (`user_rent_id`, `item_id`) VALUES ('40', '440');
INSERT INTO `user_rent_item` (`user_rent_id`, `item_id`) VALUES ('41', '441');
INSERT INTO `user_rent_item` (`user_rent_id`, `item_id`) VALUES ('42', '442');
INSERT INTO `user_rent_item` (`user_rent_id`, `item_id`) VALUES ('43', '443');
INSERT INTO `user_rent_item` (`user_rent_id`, `item_id`) VALUES ('44', '444');
INSERT INTO `user_rent_item` (`user_rent_id`, `item_id`) VALUES ('45', '445');
INSERT INTO `user_rent_item` (`user_rent_id`, `item_id`) VALUES ('46', '446');
INSERT INTO `user_rent_item` (`user_rent_id`, `item_id`) VALUES ('47', '447');
INSERT INTO `user_rent_item` (`user_rent_id`, `item_id`) VALUES ('48', '448');
INSERT INTO `user_rent_item` (`user_rent_id`, `item_id`) VALUES ('49', '449');
INSERT INTO `user_rent_item` (`user_rent_id`, `item_id`) VALUES ('50', '450');
INSERT INTO `user_rent_item` (`user_rent_id`, `item_id`) VALUES ('51', '451');
INSERT INTO `user_rent_item` (`user_rent_id`, `item_id`) VALUES ('52', '452');
INSERT INTO `user_rent_item` (`user_rent_id`, `item_id`) VALUES ('53', '453');
INSERT INTO `user_rent_item` (`user_rent_id`, `item_id`) VALUES ('54', '454');
INSERT INTO `user_rent_item` (`user_rent_id`, `item_id`) VALUES ('55', '455');
INSERT INTO `user_rent_item` (`user_rent_id`, `item_id`) VALUES ('56', '456');
INSERT INTO `user_rent_item` (`user_rent_id`, `item_id`) VALUES ('57', '457');
INSERT INTO `user_rent_item` (`user_rent_id`, `item_id`) VALUES ('58', '458');
INSERT INTO `user_rent_item` (`user_rent_id`, `item_id`) VALUES ('59', '459');
INSERT INTO `user_rent_item` (`user_rent_id`, `item_id`) VALUES ('60', '460');
INSERT INTO `user_rent_item` (`user_rent_id`, `item_id`) VALUES ('61', '461');
INSERT INTO `user_rent_item` (`user_rent_id`, `item_id`) VALUES ('62', '462');
INSERT INTO `user_rent_item` (`user_rent_id`, `item_id`) VALUES ('63', '463');
INSERT INTO `user_rent_item` (`user_rent_id`, `item_id`) VALUES ('64', '464');
INSERT INTO `user_rent_item` (`user_rent_id`, `item_id`) VALUES ('65', '465');
INSERT INTO `user_rent_item` (`user_rent_id`, `item_id`) VALUES ('66', '466');
INSERT INTO `user_rent_item` (`user_rent_id`, `item_id`) VALUES ('67', '467');
INSERT INTO `user_rent_item` (`user_rent_id`, `item_id`) VALUES ('68', '468');
INSERT INTO `user_rent_item` (`user_rent_id`, `item_id`) VALUES ('69', '469');
INSERT INTO `user_rent_item` (`user_rent_id`, `item_id`) VALUES ('70', '470');
INSERT INTO `user_rent_item` (`user_rent_id`, `item_id`) VALUES ('71', '471');
INSERT INTO `user_rent_item` (`user_rent_id`, `item_id`) VALUES ('72', '472');
INSERT INTO `user_rent_item` (`user_rent_id`, `item_id`) VALUES ('73', '473');
INSERT INTO `user_rent_item` (`user_rent_id`, `item_id`) VALUES ('74', '474');
INSERT INTO `user_rent_item` (`user_rent_id`, `item_id`) VALUES ('75', '475');
INSERT INTO `user_rent_item` (`user_rent_id`, `item_id`) VALUES ('76', '476');
INSERT INTO `user_rent_item` (`user_rent_id`, `item_id`) VALUES ('77', '477');
INSERT INTO `user_rent_item` (`user_rent_id`, `item_id`) VALUES ('78', '478');
INSERT INTO `user_rent_item` (`user_rent_id`, `item_id`) VALUES ('79', '479');
INSERT INTO `user_rent_item` (`user_rent_id`, `item_id`) VALUES ('80', '480');
INSERT INTO `user_rent_item` (`user_rent_id`, `item_id`) VALUES ('81', '481');
INSERT INTO `user_rent_item` (`user_rent_id`, `item_id`) VALUES ('82', '482');
INSERT INTO `user_rent_item` (`user_rent_id`, `item_id`) VALUES ('83', '483');
INSERT INTO `user_rent_item` (`user_rent_id`, `item_id`) VALUES ('84', '484');
INSERT INTO `user_rent_item` (`user_rent_id`, `item_id`) VALUES ('85', '485');
INSERT INTO `user_rent_item` (`user_rent_id`, `item_id`) VALUES ('86', '486');
INSERT INTO `user_rent_item` (`user_rent_id`, `item_id`) VALUES ('87', '487');
INSERT INTO `user_rent_item` (`user_rent_id`, `item_id`) VALUES ('88', '488');
INSERT INTO `user_rent_item` (`user_rent_id`, `item_id`) VALUES ('89', '489');
INSERT INTO `user_rent_item` (`user_rent_id`, `item_id`) VALUES ('90', '490');
INSERT INTO `user_rent_item` (`user_rent_id`, `item_id`) VALUES ('91', '491');
INSERT INTO `user_rent_item` (`user_rent_id`, `item_id`) VALUES ('92', '492');
INSERT INTO `user_rent_item` (`user_rent_id`, `item_id`) VALUES ('93', '493');
INSERT INTO `user_rent_item` (`user_rent_id`, `item_id`) VALUES ('94', '494');
INSERT INTO `user_rent_item` (`user_rent_id`, `item_id`) VALUES ('95', '495');
INSERT INTO `user_rent_item` (`user_rent_id`, `item_id`) VALUES ('96', '496');
INSERT INTO `user_rent_item` (`user_rent_id`, `item_id`) VALUES ('97', '497');
INSERT INTO `user_rent_item` (`user_rent_id`, `item_id`) VALUES ('98', '498');
INSERT INTO `user_rent_item` (`user_rent_id`, `item_id`) VALUES ('99', '499');
INSERT INTO `user_rent_item` (`user_rent_id`, `item_id`) VALUES ('100', '500');
INSERT INTO `user_rent_item` (`user_rent_id`, `item_id`) VALUES ('1', '501');
INSERT INTO `user_rent_item` (`user_rent_id`, `item_id`) VALUES ('2', '502');
INSERT INTO `user_rent_item` (`user_rent_id`, `item_id`) VALUES ('3', '503');
INSERT INTO `user_rent_item` (`user_rent_id`, `item_id`) VALUES ('4', '504');
INSERT INTO `user_rent_item` (`user_rent_id`, `item_id`) VALUES ('5', '505');
INSERT INTO `user_rent_item` (`user_rent_id`, `item_id`) VALUES ('6', '506');
INSERT INTO `user_rent_item` (`user_rent_id`, `item_id`) VALUES ('7', '507');
INSERT INTO `user_rent_item` (`user_rent_id`, `item_id`) VALUES ('8', '508');
INSERT INTO `user_rent_item` (`user_rent_id`, `item_id`) VALUES ('9', '509');
INSERT INTO `user_rent_item` (`user_rent_id`, `item_id`) VALUES ('10', '510');
INSERT INTO `user_rent_item` (`user_rent_id`, `item_id`) VALUES ('11', '511');
INSERT INTO `user_rent_item` (`user_rent_id`, `item_id`) VALUES ('12', '512');
INSERT INTO `user_rent_item` (`user_rent_id`, `item_id`) VALUES ('13', '513');
INSERT INTO `user_rent_item` (`user_rent_id`, `item_id`) VALUES ('14', '514');
INSERT INTO `user_rent_item` (`user_rent_id`, `item_id`) VALUES ('15', '515');
INSERT INTO `user_rent_item` (`user_rent_id`, `item_id`) VALUES ('16', '516');
INSERT INTO `user_rent_item` (`user_rent_id`, `item_id`) VALUES ('17', '517');
INSERT INTO `user_rent_item` (`user_rent_id`, `item_id`) VALUES ('18', '518');
INSERT INTO `user_rent_item` (`user_rent_id`, `item_id`) VALUES ('19', '519');
INSERT INTO `user_rent_item` (`user_rent_id`, `item_id`) VALUES ('20', '520');
INSERT INTO `user_rent_item` (`user_rent_id`, `item_id`) VALUES ('21', '521');
INSERT INTO `user_rent_item` (`user_rent_id`, `item_id`) VALUES ('22', '522');
INSERT INTO `user_rent_item` (`user_rent_id`, `item_id`) VALUES ('23', '523');
INSERT INTO `user_rent_item` (`user_rent_id`, `item_id`) VALUES ('24', '524');
INSERT INTO `user_rent_item` (`user_rent_id`, `item_id`) VALUES ('25', '525');
INSERT INTO `user_rent_item` (`user_rent_id`, `item_id`) VALUES ('26', '526');
INSERT INTO `user_rent_item` (`user_rent_id`, `item_id`) VALUES ('27', '527');
INSERT INTO `user_rent_item` (`user_rent_id`, `item_id`) VALUES ('28', '528');
INSERT INTO `user_rent_item` (`user_rent_id`, `item_id`) VALUES ('29', '529');
INSERT INTO `user_rent_item` (`user_rent_id`, `item_id`) VALUES ('30', '530');
INSERT INTO `user_rent_item` (`user_rent_id`, `item_id`) VALUES ('31', '531');
INSERT INTO `user_rent_item` (`user_rent_id`, `item_id`) VALUES ('32', '532');
INSERT INTO `user_rent_item` (`user_rent_id`, `item_id`) VALUES ('33', '533');
INSERT INTO `user_rent_item` (`user_rent_id`, `item_id`) VALUES ('34', '534');
INSERT INTO `user_rent_item` (`user_rent_id`, `item_id`) VALUES ('35', '535');
INSERT INTO `user_rent_item` (`user_rent_id`, `item_id`) VALUES ('36', '536');
INSERT INTO `user_rent_item` (`user_rent_id`, `item_id`) VALUES ('37', '537');
INSERT INTO `user_rent_item` (`user_rent_id`, `item_id`) VALUES ('38', '538');
INSERT INTO `user_rent_item` (`user_rent_id`, `item_id`) VALUES ('39', '539');
INSERT INTO `user_rent_item` (`user_rent_id`, `item_id`) VALUES ('40', '540');
INSERT INTO `user_rent_item` (`user_rent_id`, `item_id`) VALUES ('41', '541');
INSERT INTO `user_rent_item` (`user_rent_id`, `item_id`) VALUES ('42', '542');
INSERT INTO `user_rent_item` (`user_rent_id`, `item_id`) VALUES ('43', '543');
INSERT INTO `user_rent_item` (`user_rent_id`, `item_id`) VALUES ('44', '544');
INSERT INTO `user_rent_item` (`user_rent_id`, `item_id`) VALUES ('45', '545');
INSERT INTO `user_rent_item` (`user_rent_id`, `item_id`) VALUES ('46', '546');
INSERT INTO `user_rent_item` (`user_rent_id`, `item_id`) VALUES ('47', '547');
INSERT INTO `user_rent_item` (`user_rent_id`, `item_id`) VALUES ('48', '548');
INSERT INTO `user_rent_item` (`user_rent_id`, `item_id`) VALUES ('49', '549');
INSERT INTO `user_rent_item` (`user_rent_id`, `item_id`) VALUES ('50', '550');
INSERT INTO `user_rent_item` (`user_rent_id`, `item_id`) VALUES ('51', '551');
INSERT INTO `user_rent_item` (`user_rent_id`, `item_id`) VALUES ('52', '552');
INSERT INTO `user_rent_item` (`user_rent_id`, `item_id`) VALUES ('53', '553');
INSERT INTO `user_rent_item` (`user_rent_id`, `item_id`) VALUES ('54', '554');
INSERT INTO `user_rent_item` (`user_rent_id`, `item_id`) VALUES ('55', '555');
INSERT INTO `user_rent_item` (`user_rent_id`, `item_id`) VALUES ('56', '556');
INSERT INTO `user_rent_item` (`user_rent_id`, `item_id`) VALUES ('57', '557');
INSERT INTO `user_rent_item` (`user_rent_id`, `item_id`) VALUES ('58', '558');
INSERT INTO `user_rent_item` (`user_rent_id`, `item_id`) VALUES ('59', '559');
INSERT INTO `user_rent_item` (`user_rent_id`, `item_id`) VALUES ('60', '560');
INSERT INTO `user_rent_item` (`user_rent_id`, `item_id`) VALUES ('61', '561');
INSERT INTO `user_rent_item` (`user_rent_id`, `item_id`) VALUES ('62', '562');
INSERT INTO `user_rent_item` (`user_rent_id`, `item_id`) VALUES ('63', '563');
INSERT INTO `user_rent_item` (`user_rent_id`, `item_id`) VALUES ('64', '564');
INSERT INTO `user_rent_item` (`user_rent_id`, `item_id`) VALUES ('65', '565');
INSERT INTO `user_rent_item` (`user_rent_id`, `item_id`) VALUES ('66', '566');
INSERT INTO `user_rent_item` (`user_rent_id`, `item_id`) VALUES ('67', '567');
INSERT INTO `user_rent_item` (`user_rent_id`, `item_id`) VALUES ('68', '568');
INSERT INTO `user_rent_item` (`user_rent_id`, `item_id`) VALUES ('69', '569');
INSERT INTO `user_rent_item` (`user_rent_id`, `item_id`) VALUES ('70', '570');
INSERT INTO `user_rent_item` (`user_rent_id`, `item_id`) VALUES ('71', '571');
INSERT INTO `user_rent_item` (`user_rent_id`, `item_id`) VALUES ('72', '572');
INSERT INTO `user_rent_item` (`user_rent_id`, `item_id`) VALUES ('73', '573');
INSERT INTO `user_rent_item` (`user_rent_id`, `item_id`) VALUES ('74', '574');
INSERT INTO `user_rent_item` (`user_rent_id`, `item_id`) VALUES ('75', '575');
INSERT INTO `user_rent_item` (`user_rent_id`, `item_id`) VALUES ('76', '576');
INSERT INTO `user_rent_item` (`user_rent_id`, `item_id`) VALUES ('77', '577');
INSERT INTO `user_rent_item` (`user_rent_id`, `item_id`) VALUES ('78', '578');
INSERT INTO `user_rent_item` (`user_rent_id`, `item_id`) VALUES ('79', '579');
INSERT INTO `user_rent_item` (`user_rent_id`, `item_id`) VALUES ('80', '580');
INSERT INTO `user_rent_item` (`user_rent_id`, `item_id`) VALUES ('81', '581');
INSERT INTO `user_rent_item` (`user_rent_id`, `item_id`) VALUES ('82', '582');
INSERT INTO `user_rent_item` (`user_rent_id`, `item_id`) VALUES ('83', '583');
INSERT INTO `user_rent_item` (`user_rent_id`, `item_id`) VALUES ('84', '584');
INSERT INTO `user_rent_item` (`user_rent_id`, `item_id`) VALUES ('85', '585');
INSERT INTO `user_rent_item` (`user_rent_id`, `item_id`) VALUES ('86', '586');
INSERT INTO `user_rent_item` (`user_rent_id`, `item_id`) VALUES ('87', '587');
INSERT INTO `user_rent_item` (`user_rent_id`, `item_id`) VALUES ('88', '588');
INSERT INTO `user_rent_item` (`user_rent_id`, `item_id`) VALUES ('89', '589');
INSERT INTO `user_rent_item` (`user_rent_id`, `item_id`) VALUES ('90', '590');
INSERT INTO `user_rent_item` (`user_rent_id`, `item_id`) VALUES ('91', '591');
INSERT INTO `user_rent_item` (`user_rent_id`, `item_id`) VALUES ('92', '592');
INSERT INTO `user_rent_item` (`user_rent_id`, `item_id`) VALUES ('93', '593');
INSERT INTO `user_rent_item` (`user_rent_id`, `item_id`) VALUES ('94', '594');
INSERT INTO `user_rent_item` (`user_rent_id`, `item_id`) VALUES ('95', '595');
INSERT INTO `user_rent_item` (`user_rent_id`, `item_id`) VALUES ('96', '596');
INSERT INTO `user_rent_item` (`user_rent_id`, `item_id`) VALUES ('97', '597');
INSERT INTO `user_rent_item` (`user_rent_id`, `item_id`) VALUES ('98', '598');
INSERT INTO `user_rent_item` (`user_rent_id`, `item_id`) VALUES ('99', '599');
INSERT INTO `user_rent_item` (`user_rent_id`, `item_id`) VALUES ('100', '600');
INSERT INTO `user_rent_item` (`user_rent_id`, `item_id`) VALUES ('1', '301');
INSERT INTO `user_rent_item` (`user_rent_id`, `item_id`) VALUES ('2', '302');
INSERT INTO `user_rent_item` (`user_rent_id`, `item_id`) VALUES ('3', '303');
INSERT INTO `user_rent_item` (`user_rent_id`, `item_id`) VALUES ('4', '304');
INSERT INTO `user_rent_item` (`user_rent_id`, `item_id`) VALUES ('5', '305');
INSERT INTO `user_rent_item` (`user_rent_id`, `item_id`) VALUES ('6', '306');
INSERT INTO `user_rent_item` (`user_rent_id`, `item_id`) VALUES ('7', '307');
INSERT INTO `user_rent_item` (`user_rent_id`, `item_id`) VALUES ('8', '308');
INSERT INTO `user_rent_item` (`user_rent_id`, `item_id`) VALUES ('9', '309');
INSERT INTO `user_rent_item` (`user_rent_id`, `item_id`) VALUES ('10', '310');
INSERT INTO `user_rent_item` (`user_rent_id`, `item_id`) VALUES ('11', '311');
INSERT INTO `user_rent_item` (`user_rent_id`, `item_id`) VALUES ('12', '312');
INSERT INTO `user_rent_item` (`user_rent_id`, `item_id`) VALUES ('13', '313');
INSERT INTO `user_rent_item` (`user_rent_id`, `item_id`) VALUES ('14', '314');
INSERT INTO `user_rent_item` (`user_rent_id`, `item_id`) VALUES ('15', '315');
INSERT INTO `user_rent_item` (`user_rent_id`, `item_id`) VALUES ('16', '316');
INSERT INTO `user_rent_item` (`user_rent_id`, `item_id`) VALUES ('17', '317');
INSERT INTO `user_rent_item` (`user_rent_id`, `item_id`) VALUES ('18', '318');
INSERT INTO `user_rent_item` (`user_rent_id`, `item_id`) VALUES ('19', '319');
INSERT INTO `user_rent_item` (`user_rent_id`, `item_id`) VALUES ('20', '320');
INSERT INTO `user_rent_item` (`user_rent_id`, `item_id`) VALUES ('21', '321');
INSERT INTO `user_rent_item` (`user_rent_id`, `item_id`) VALUES ('22', '322');
INSERT INTO `user_rent_item` (`user_rent_id`, `item_id`) VALUES ('23', '323');
INSERT INTO `user_rent_item` (`user_rent_id`, `item_id`) VALUES ('24', '324');
INSERT INTO `user_rent_item` (`user_rent_id`, `item_id`) VALUES ('25', '325');
INSERT INTO `user_rent_item` (`user_rent_id`, `item_id`) VALUES ('26', '326');
INSERT INTO `user_rent_item` (`user_rent_id`, `item_id`) VALUES ('27', '327');
INSERT INTO `user_rent_item` (`user_rent_id`, `item_id`) VALUES ('28', '328');
INSERT INTO `user_rent_item` (`user_rent_id`, `item_id`) VALUES ('29', '329');
INSERT INTO `user_rent_item` (`user_rent_id`, `item_id`) VALUES ('30', '330');
INSERT INTO `user_rent_item` (`user_rent_id`, `item_id`) VALUES ('31', '331');
INSERT INTO `user_rent_item` (`user_rent_id`, `item_id`) VALUES ('32', '332');
INSERT INTO `user_rent_item` (`user_rent_id`, `item_id`) VALUES ('33', '333');
INSERT INTO `user_rent_item` (`user_rent_id`, `item_id`) VALUES ('34', '334');
INSERT INTO `user_rent_item` (`user_rent_id`, `item_id`) VALUES ('35', '335');
INSERT INTO `user_rent_item` (`user_rent_id`, `item_id`) VALUES ('36', '336');
INSERT INTO `user_rent_item` (`user_rent_id`, `item_id`) VALUES ('37', '337');
INSERT INTO `user_rent_item` (`user_rent_id`, `item_id`) VALUES ('38', '338');
INSERT INTO `user_rent_item` (`user_rent_id`, `item_id`) VALUES ('39', '339');
INSERT INTO `user_rent_item` (`user_rent_id`, `item_id`) VALUES ('40', '340');
INSERT INTO `user_rent_item` (`user_rent_id`, `item_id`) VALUES ('41', '341');
INSERT INTO `user_rent_item` (`user_rent_id`, `item_id`) VALUES ('42', '342');
INSERT INTO `user_rent_item` (`user_rent_id`, `item_id`) VALUES ('43', '343');
INSERT INTO `user_rent_item` (`user_rent_id`, `item_id`) VALUES ('44', '344');
INSERT INTO `user_rent_item` (`user_rent_id`, `item_id`) VALUES ('45', '345');
INSERT INTO `user_rent_item` (`user_rent_id`, `item_id`) VALUES ('46', '346');
INSERT INTO `user_rent_item` (`user_rent_id`, `item_id`) VALUES ('47', '347');
INSERT INTO `user_rent_item` (`user_rent_id`, `item_id`) VALUES ('48', '348');
INSERT INTO `user_rent_item` (`user_rent_id`, `item_id`) VALUES ('49', '349');
INSERT INTO `user_rent_item` (`user_rent_id`, `item_id`) VALUES ('50', '350');
INSERT INTO `user_rent_item` (`user_rent_id`, `item_id`) VALUES ('51', '351');
INSERT INTO `user_rent_item` (`user_rent_id`, `item_id`) VALUES ('52', '352');
INSERT INTO `user_rent_item` (`user_rent_id`, `item_id`) VALUES ('53', '353');
INSERT INTO `user_rent_item` (`user_rent_id`, `item_id`) VALUES ('54', '354');
INSERT INTO `user_rent_item` (`user_rent_id`, `item_id`) VALUES ('55', '355');
INSERT INTO `user_rent_item` (`user_rent_id`, `item_id`) VALUES ('56', '356');
INSERT INTO `user_rent_item` (`user_rent_id`, `item_id`) VALUES ('57', '357');
INSERT INTO `user_rent_item` (`user_rent_id`, `item_id`) VALUES ('58', '358');
INSERT INTO `user_rent_item` (`user_rent_id`, `item_id`) VALUES ('59', '359');
INSERT INTO `user_rent_item` (`user_rent_id`, `item_id`) VALUES ('60', '360');
INSERT INTO `user_rent_item` (`user_rent_id`, `item_id`) VALUES ('61', '361');
INSERT INTO `user_rent_item` (`user_rent_id`, `item_id`) VALUES ('62', '362');
INSERT INTO `user_rent_item` (`user_rent_id`, `item_id`) VALUES ('63', '363');
INSERT INTO `user_rent_item` (`user_rent_id`, `item_id`) VALUES ('64', '364');
INSERT INTO `user_rent_item` (`user_rent_id`, `item_id`) VALUES ('65', '365');
INSERT INTO `user_rent_item` (`user_rent_id`, `item_id`) VALUES ('66', '366');
INSERT INTO `user_rent_item` (`user_rent_id`, `item_id`) VALUES ('67', '367');
INSERT INTO `user_rent_item` (`user_rent_id`, `item_id`) VALUES ('68', '368');
INSERT INTO `user_rent_item` (`user_rent_id`, `item_id`) VALUES ('69', '369');
INSERT INTO `user_rent_item` (`user_rent_id`, `item_id`) VALUES ('70', '370');
INSERT INTO `user_rent_item` (`user_rent_id`, `item_id`) VALUES ('71', '371');
INSERT INTO `user_rent_item` (`user_rent_id`, `item_id`) VALUES ('72', '372');
INSERT INTO `user_rent_item` (`user_rent_id`, `item_id`) VALUES ('73', '373');
INSERT INTO `user_rent_item` (`user_rent_id`, `item_id`) VALUES ('74', '374');
INSERT INTO `user_rent_item` (`user_rent_id`, `item_id`) VALUES ('75', '375');
INSERT INTO `user_rent_item` (`user_rent_id`, `item_id`) VALUES ('76', '376');
INSERT INTO `user_rent_item` (`user_rent_id`, `item_id`) VALUES ('77', '377');
INSERT INTO `user_rent_item` (`user_rent_id`, `item_id`) VALUES ('78', '378');
INSERT INTO `user_rent_item` (`user_rent_id`, `item_id`) VALUES ('79', '379');
INSERT INTO `user_rent_item` (`user_rent_id`, `item_id`) VALUES ('80', '380');
INSERT INTO `user_rent_item` (`user_rent_id`, `item_id`) VALUES ('81', '381');
INSERT INTO `user_rent_item` (`user_rent_id`, `item_id`) VALUES ('82', '382');
INSERT INTO `user_rent_item` (`user_rent_id`, `item_id`) VALUES ('83', '383');
INSERT INTO `user_rent_item` (`user_rent_id`, `item_id`) VALUES ('84', '384');
INSERT INTO `user_rent_item` (`user_rent_id`, `item_id`) VALUES ('85', '385');
INSERT INTO `user_rent_item` (`user_rent_id`, `item_id`) VALUES ('86', '386');
INSERT INTO `user_rent_item` (`user_rent_id`, `item_id`) VALUES ('87', '387');
INSERT INTO `user_rent_item` (`user_rent_id`, `item_id`) VALUES ('88', '388');
INSERT INTO `user_rent_item` (`user_rent_id`, `item_id`) VALUES ('89', '389');
INSERT INTO `user_rent_item` (`user_rent_id`, `item_id`) VALUES ('90', '390');
INSERT INTO `user_rent_item` (`user_rent_id`, `item_id`) VALUES ('91', '391');
INSERT INTO `user_rent_item` (`user_rent_id`, `item_id`) VALUES ('92', '392');
INSERT INTO `user_rent_item` (`user_rent_id`, `item_id`) VALUES ('93', '393');
INSERT INTO `user_rent_item` (`user_rent_id`, `item_id`) VALUES ('94', '394');
INSERT INTO `user_rent_item` (`user_rent_id`, `item_id`) VALUES ('95', '395');
INSERT INTO `user_rent_item` (`user_rent_id`, `item_id`) VALUES ('96', '396');
INSERT INTO `user_rent_item` (`user_rent_id`, `item_id`) VALUES ('97', '397');
INSERT INTO `user_rent_item` (`user_rent_id`, `item_id`) VALUES ('98', '398');
INSERT INTO `user_rent_item` (`user_rent_id`, `item_id`) VALUES ('99', '399');
INSERT INTO `user_rent_item` (`user_rent_id`, `item_id`) VALUES ('100', '400');


